aerodromo,ocorrencia_cidade,qtde_ocorr,qtde_saida_pista,perc_ocorr
***,CARAZINHO,1,132.0,1.34
***,FARTURA,1,132.0,1.34
***,FORMOSA DO RIO PRETO,1,132.0,1.34
***,FLORESTÓPOLIS,1,132.0,1.34
***,FLORESTA,1,132.0,1.34
***,FIGUEIRÓPOLIS,1,132.0,1.34
***,FIGUEIRÃO,1,132.0,1.34
***,FERROS,1,132.0,1.34
***,FERNANDÓPOLIS,1,132.0,1.34
***,FELIXLÂNDIA,1,132.0,1.34
***,FAROL,1,132.0,1.34
***,FORTALEZA DOS VALOS,1,132.0,1.34
***,FAMA,1,132.0,1.34
***,EXU,1,132.0,1.34
***,EXTREMOZ,1,132.0,1.34
***,EUNÁPOLIS,1,132.0,1.34
***,ESTÂNCIA,1,132.0,1.34
***,ESTEIO,1,132.0,1.34
***,ESPÍRITO SANTO DO TURVO,1,132.0,1.34
***,ESPÍRITO SANTO DO DOURADO,1,132.0,1.34
***,FORQUILHINHA,1,132.0,1.34
***,FRANCISCO MORATO,1,132.0,1.34
***,GUARANI D'OESTE,1,132.0,1.34
***,GOIOERÊ,1,132.0,1.34
***,GUARAMIRIM,1,132.0,1.34
***,GUARACI,1,132.0,1.34
***,GUARABIRA,1,132.0,1.34
***,GUAPÉ,1,132.0,1.34
***,GUAPIRAMA,1,132.0,1.34
***,GUABIRUBA,1,132.0,1.34
***,GRAVATÁ,1,132.0,1.34
***,GOIÁS,1,132.0,1.34
***,GOIANÁ,1,132.0,1.34
***,FRANCO DA ROCHA,1,132.0,1.34
***,GOIANIRA,1,132.0,1.34
***,GLÓRIA D'OESTE,1,132.0,1.34
***,GLORINHA,1,132.0,1.34
***,GENERAL CARNEIRO,1,132.0,1.34
***,GAÚCHA DO NORTE,1,132.0,1.34
***,GAMELEIRA,1,132.0,1.34
***,FRUTAL,1,132.0,1.34
***,FRONTEIRA,1,132.0,1.34
***,ESPINOSA,1,132.0,1.34
***,ESPIGÃO D'OESTE,1,132.0,1.34
***,ESMERALDAS,1,132.0,1.34
***,COROATÁ,1,132.0,1.34
***,CRIXÁS,1,132.0,1.34
***,CRISTALÂNDIA,1,132.0,1.34
***,CRISTALINA,1,132.0,1.34
***,COTRIGUAÇU,1,132.0,1.34
***,COTIA,1,132.0,1.34
***,COSTA RICA,1,132.0,1.34
***,CORURIPE,1,132.0,1.34
***,CORUMBAÍBA,1,132.0,1.34
***,CORNÉLIO PROCÓPIO,1,132.0,1.34
***,ENGENHEIRO COELHO,1,132.0,1.34
***,CORINTO,1,132.0,1.34
***,CORIBE,1,132.0,1.34
***,CONQUISTA,1,132.0,1.34
***,CONFRESA,1,132.0,1.34
***,CONCEIÇÃO DO COITÉ,1,132.0,1.34
***,CONCEIÇÃO DA FEIRA,1,132.0,1.34
***,COLOMBO,1,132.0,1.34
***,COLINAS DO TOCANTINS,1,132.0,1.34
***,CRUZ MACHADO,1,132.0,1.34
***,CUNHA,1,132.0,1.34
***,CURIONÓPOLIS,1,132.0,1.34
***,CURITIBANOS,1,132.0,1.34
***,ENGENHEIRO CALDAS,1,132.0,1.34
***,ELISEU MARTINS,1,132.0,1.34
***,ELIAS FAUSTO,1,132.0,1.34
***,DRACENA,1,132.0,1.34
***,DOVERLÂNDIA,1,132.0,1.34
***,DOUTOR ULYSSES,1,132.0,1.34
***,DOMINGOS MARTINS,1,132.0,1.34
***,DOM AQUINO,1,132.0,1.34
***,DOBRADA,1,132.0,1.34
***,DIVINÓPOLIS,1,132.0,1.34
***,DIANÓPOLIS,1,132.0,1.34
***,DIADEMA,1,132.0,1.34
***,DELTA,1,132.0,1.34
***,DELFINÓPOLIS,1,132.0,1.34
***,CÂNDIDO RODRIGUES,1,132.0,1.34
***,CÂNDIDO MOTA,1,132.0,1.34
***,CURRAIS NOVOS,1,132.0,1.34
***,GUARANI,1,132.0,1.34
***,GUARANÉSIA,1,132.0,1.34
***,ACARÁ,1,132.0,1.34
***,ITAQUAQUECETUBA,1,132.0,1.34
***,JABORANDI,1,132.0,1.34
***,ITURAMA,1,132.0,1.34
***,ITUPIRANGA,1,132.0,1.34
***,ITUIUTABA,1,132.0,1.34
***,ITINGA DO MARANHÃO,1,132.0,1.34
***,ITAUÇU,1,132.0,1.34
***,ITAUEIRA,1,132.0,1.34
***,ITARUMÃ,1,132.0,1.34
***,ITAPURANGA,1,132.0,1.34
***,JACAREÍ,1,132.0,1.34
***,ITAPIRATINS,1,132.0,1.34
***,ITAPIRAPUÃ,1,132.0,1.34
***,ITAPIRANGA,1,132.0,1.34
***,ITAPEVI,1,132.0,1.34
***,ITAPEVA,1,132.0,1.34
***,ITAPETININGA,1,132.0,1.34
***,ITAPETINGA,1,132.0,1.34
***,ITAPERUNA,1,132.0,1.34
***,JACAREZINHO,1,132.0,1.34
***,JACUPIRANGA,1,132.0,1.34
***,GUARAQUEÇABA,1,132.0,1.34
***,JARDIM,1,132.0,1.34
***,JORDÃO,1,132.0,1.34
***,JOAÇABA,1,132.0,1.34
***,JOANÓPOLIS,1,132.0,1.34
***,JEQUITAÍ,1,132.0,1.34
***,JAURU,1,132.0,1.34
***,JATEÍ,1,132.0,1.34
***,JATAIZINHO,1,132.0,1.34
***,JARINU,1,132.0,1.34
***,JARAGUÁ DO SUL,1,132.0,1.34
***,JAGUAPITÃ,1,132.0,1.34
***,JARAGUARI,1,132.0,1.34
***,JAPERI,1,132.0,1.34
***,JANDAIA,1,132.0,1.34
***,JAGUARÉ,1,132.0,1.34
***,JAGUARÃO,1,132.0,1.34
***,JAGUARIÚNA,1,132.0,1.34
***,JAGUARIPE,1,132.0,1.34
***,JAGUARAÇU,1,132.0,1.34
***,ITAPECURU MIRIM,1,132.0,1.34
***,ITAPACI,1,132.0,1.34
***,ITAJU DO COLÔNIA,1,132.0,1.34
***,IBATEGUARA,1,132.0,1.34
***,ICÉM,1,132.0,1.34
***,IBIÚNA,1,132.0,1.34
***,IBIÁ,1,132.0,1.34
***,IBITINGA,1,132.0,1.34
***,IBIRÁ,1,132.0,1.34
***,IBIRUBÁ,1,132.0,1.34
***,IBIRAMA,1,132.0,1.34
***,IBATÉ,1,132.0,1.34
***,IARAS,1,132.0,1.34
***,ITAGUAÍ,1,132.0,1.34
***,HUMBERTO DE CAMPOS,1,132.0,1.34
***,HUMAITÁ,1,132.0,1.34
***,HERCULÂNDIA,1,132.0,1.34
***,GURINHATÃ,1,132.0,1.34
***,GUARÁ,1,132.0,1.34
***,GUARIBA,1,132.0,1.34
***,GUARDA-MOR,1,132.0,1.34
***,GUARATUBA,1,132.0,1.34
***,IGARAPAVA,1,132.0,1.34
***,IGARAPÉ-MIRI,1,132.0,1.34
***,IGARASSU,1,132.0,1.34
***,IGARATÁ,1,132.0,1.34
***,ITAGUARA,1,132.0,1.34
***,ITACARÉ,1,132.0,1.34
***,ITABERÁ,1,132.0,1.34
***,ITABERAÍ,1,132.0,1.34
***,ITABELA,1,132.0,1.34
***,ITABAIANA,1,132.0,1.34
***,IRAUÇUBA,1,132.0,1.34
***,IPUMIRIM,1,132.0,1.34
***,IPIGUÁ,1,132.0,1.34
***,IPAMERI,1,132.0,1.34
***,IMBUIA,1,132.0,1.34
***,IMBITUBA,1,132.0,1.34
***,ILICÍNEA,1,132.0,1.34
***,ILHOTA,1,132.0,1.34
***,IGUATEMI,1,132.0,1.34
***,IGUARAÇU,1,132.0,1.34
***,IGUABA GRANDE,1,132.0,1.34
***,COLINA,1,132.0,1.34
***,COLATINA,1,132.0,1.34
***,CODAJÁS,1,132.0,1.34
***,AVANHANDAVA,1,132.0,1.34
***,BARRA BONITA,1,132.0,1.34
***,BARCARENA,1,132.0,1.34
***,BANNACH,1,132.0,1.34
***,BANDEIRANTES,1,132.0,1.34
***,BANANEIRAS,1,132.0,1.34
***,BAIXA GRANDE DO RIBEIRO,1,132.0,1.34
***,BAEPENDI,1,132.0,1.34
***,BACABAL,1,132.0,1.34
***,AUTAZES,1,132.0,1.34
***,BARRA DO BUGRES,1,132.0,1.34
***,AURIFLAMA,1,132.0,1.34
***,ASSUNÇÃO DO PIAUÍ,1,132.0,1.34
***,ASSIS CHATEAUBRIAND,1,132.0,1.34
***,ASSIS BRASIL,1,132.0,1.34
***,ASSIS,1,132.0,1.34
***,ARÊS,1,132.0,1.34
***,ARUJÁ,1,132.0,1.34
***,ARTUR NOGUEIRA,1,132.0,1.34
***,BARRA DE SÃO FRANCISCO,1,132.0,1.34
***,BARRA DO PIRAÍ,1,132.0,1.34
***,CLÁUDIA,1,132.0,1.34
***,BEBEDOURO,1,132.0,1.34
***,BOA ESPERANÇA,1,132.0,1.34
***,BLUMENAU,1,132.0,1.34
***,BIRIGUI,1,132.0,1.34
***,BENTO GONÇALVES,1,132.0,1.34
***,BELTERRA,1,132.0,1.34
***,BELMONTE,1,132.0,1.34
***,BELA VISTA DO PARAÍSO,1,132.0,1.34
***,BEBERIBE,1,132.0,1.34
***,BAYEUX,1,132.0,1.34
***,BARRA DO RIBEIRO,1,132.0,1.34
***,BATAYPORÃ,1,132.0,1.34
***,BATATAIS,1,132.0,1.34
***,BARÃO DE COCAIS,1,132.0,1.34
***,BARÃO,1,132.0,1.34
***,BARRO DURO,1,132.0,1.34
***,BARRO ALTO,1,132.0,1.34
***,BARREIROS,1,132.0,1.34
***,BARREIRINHAS,1,132.0,1.34
***,ARRAIAL DO CABO,1,132.0,1.34
***,ARENÁPOLIS,1,132.0,1.34
***,ARCOVERDE,1,132.0,1.34
***,ALCÂNTARA,1,132.0,1.34
***,ALTO PARAGUAI,1,132.0,1.34
***,ALTO HORIZONTE,1,132.0,1.34
***,ALTO ARAGUAIA,1,132.0,1.34
***,ALTO ALEGRE DO PINDARÉ,1,132.0,1.34
***,ALPESTRE,1,132.0,1.34
***,ALMIRANTE TAMANDARÉ,1,132.0,1.34
***,ALIANÇA DO TOCANTINS,1,132.0,1.34
***,ALFREDO CHAVES,1,132.0,1.34
***,ALAGOINHAS,1,132.0,1.34
***,ARAÇU,1,132.0,1.34
***,AIMORÉS,1,132.0,1.34
***,AGUDOS,1,132.0,1.34
***,AGUDO,1,132.0,1.34
***,AGUAÍ,1,132.0,1.34
***,AFONSO CLÁUDIO,1,132.0,1.34
***,ADOLFO,1,132.0,1.34
***,ADAMANTINA,1,132.0,1.34
***,ACREÚNA,1,132.0,1.34
***,ALTO PARANÁ,1,132.0,1.34
***,ALTO PARNAÍBA,1,132.0,1.34
***,ALTO SANTO,1,132.0,1.34
***,ALTO TAQUARI,1,132.0,1.34
***,ARARUAMA,1,132.0,1.34
***,ARAPOTI,1,132.0,1.34
***,ARANDU,1,132.0,1.34
***,ARAMBARÉ,1,132.0,1.34
***,ARAL MOREIRA,1,132.0,1.34
***,ARAGUARI,1,132.0,1.34
***,ARACATU,1,132.0,1.34
***,AQUIDAUANA,1,132.0,1.34
***,APUCARANA,1,132.0,1.34
***,ANTONINA,1,132.0,1.34
***,ANGÉLICA,1,132.0,1.34
***,ANDRADINA,1,132.0,1.34
***,ANDARAÍ,1,132.0,1.34
***,ANAPU,1,132.0,1.34
***,ANAMÃ,1,132.0,1.34
***,AMAPÁ,1,132.0,1.34
***,ALTÔNIA,1,132.0,1.34
***,BOA ESPERANÇA DO SUL,1,132.0,1.34
***,BOA VIAGEM,1,132.0,1.34
***,BOA VISTA DA APARECIDA,1,132.0,1.34
***,CANTO DO BURITI,1,132.0,1.34
***,CARLOS CHAGAS,1,132.0,1.34
***,CARIDADE,1,132.0,1.34
***,CARIACICA,1,132.0,1.34
***,CARAPICUÍBA,1,132.0,1.34
***,CARACOL,1,132.0,1.34
***,CAPIVARI,1,132.0,1.34
***,CANÁPOLIS,1,132.0,1.34
***,CANTÁ,1,132.0,1.34
***,CANELA,1,132.0,1.34
***,CAMPINORTE,1,132.0,1.34
***,CANDÓI,1,132.0,1.34
***,CANDEIAS DO JAMARI,1,132.0,1.34
***,CANABRAVA DO NORTE,1,132.0,1.34
***,CAMPOS LINDOS,1,132.0,1.34
***,CAMPOS DO JORDÃO,1,132.0,1.34
***,CAMPO LIMPO DE GOIÁS,1,132.0,1.34
***,CAMPO DO TENENTE,1,132.0,1.34
***,CAMPO ALEGRE,1,132.0,1.34
***,CARMO DO CAJURU,1,132.0,1.34
***,CAROEBE,1,132.0,1.34
***,CASA BRANCA,1,132.0,1.34
***,CASA NOVA,1,132.0,1.34
***,CIDADE GAÚCHA,1,132.0,1.34
***,CIANORTE,1,132.0,1.34
***,CHORÓ,1,132.0,1.34
***,CHAVES,1,132.0,1.34
***,CHAPADÃO DO LAGEADO,1,132.0,1.34
***,CHAPADÃO DO CÉU,1,132.0,1.34
***,CHAPADA,1,132.0,1.34
***,CAÇAPAVA DO SUL,1,132.0,1.34
***,CAÇAPAVA,1,132.0,1.34
***,CAÇADOR,1,132.0,1.34
***,CAXIAS DO SUL,1,132.0,1.34
***,CAXAMBU,1,132.0,1.34
***,CATUTI,1,132.0,1.34
***,CATAS ALTAS,1,132.0,1.34
***,CATANDUVAS,1,132.0,1.34
***,CASTELO,1,132.0,1.34
***,CASIMIRO DE ABREU,1,132.0,1.34
***,CAMPINÁPOLIS,1,132.0,1.34
***,CAMPINAS DO SUL,1,132.0,1.34
***,BOA VISTA DO RAMOS,1,132.0,1.34
***,BONFIM,1,132.0,1.34
***,BUENO BRANDÃO,1,132.0,1.34
***,BREVES,1,132.0,1.34
***,BREU BRANCO,1,132.0,1.34
***,BREJINHO DE NAZARÉ,1,132.0,1.34
***,BRASILÂNDIA,1,132.0,1.34
***,BRAGANÇA,1,132.0,1.34
***,BORBA,1,132.0,1.34
***,BONITO,1,132.0,1.34
***,BOM SUCESSO,1,132.0,1.34
***,CAMPINA VERDE,1,132.0,1.34
***,BOM RETIRO,1,132.0,1.34
***,BOM JESUS DOS PERDÕES,1,132.0,1.34
***,BOM JESUS DO AMPARO,1,132.0,1.34
***,BOM DESPACHO,1,132.0,1.34
***,BOCAIÚVA,1,132.0,1.34
***,BOCAINA,1,132.0,1.34
***,BOCA DA MATA,1,132.0,1.34
***,BOA VISTA DO TUPIM,1,132.0,1.34
***,BURITI ALEGRE,1,132.0,1.34
***,CAAPIRANGA,1,132.0,1.34
***,CABECEIRA GRANDE,1,132.0,1.34
***,CABROBÓ,1,132.0,1.34
***,CAMPINA GRANDE,1,132.0,1.34
***,CAMOCIM,1,132.0,1.34
***,CAMBARÁ,1,132.0,1.34
***,CAMAÇARI,1,132.0,1.34
***,CAMARAGIBE,1,132.0,1.34
***,CAMANDUCAIA,1,132.0,1.34
***,CAJOBI,1,132.0,1.34
***,CAIRU,1,132.0,1.34
***,CAIEIRAS,1,132.0,1.34
***,CAIABU,1,132.0,1.34
***,CAFEZAL DO SUL,1,132.0,1.34
***,CAFELÂNDIA,1,132.0,1.34
***,CACONDE,1,132.0,1.34
***,CACOAL,1,132.0,1.34
***,CACHOEIRA DOURADA,1,132.0,1.34
***,CACHOEIRA DO ARARI,1,132.0,1.34
***,CACHOEIRA ALTA,1,132.0,1.34
***,JOSÉ BONIFÁCIO,1,132.0,1.34
***,JOÃO MONLEVADE,1,132.0,1.34
***,JOÃO PESSOA,1,132.0,1.34
***,SANTO ANTÔNIO DO LESTE,1,132.0,1.34
***,SERRA DOURADA,1,132.0,1.34
***,SERRA AZUL,1,132.0,1.34
***,SENTO SÉ,1,132.0,1.34
***,SENADOR JOSÉ PORFÍRIO,1,132.0,1.34
***,SENADOR GUIOMARD,1,132.0,1.34
***,SENADOR CANEDO,1,132.0,1.34
***,SELVÍRIA,1,132.0,1.34
***,SAPUCAIA,1,132.0,1.34
***,SANTO ANTÔNIO DO ARACANGUÁ,1,132.0,1.34
***,SERRANO DO MARANHÃO,1,132.0,1.34
***,SANTO ANTÔNIO DO AMPARO,1,132.0,1.34
***,SANTO ANTÔNIO DE GOIÁS,1,132.0,1.34
***,SANTO ANDRÉ,1,132.0,1.34
***,SANTO AMARO DA IMPERATRIZ,1,132.0,1.34
***,SANTIAGO,1,132.0,1.34
***,SANTANA DO RIACHO,1,132.0,1.34
***,SANTANA DO PARAÍSO,1,132.0,1.34
***,SANTA TEREZINHA DE ITAIPU,1,132.0,1.34
***,SERRA NEGRA,1,132.0,1.34
***,SERRANÓPOLIS,1,132.0,1.34
***,RESERVA,1,132.0,1.34
***,SÃO BENTO DO SUL,1,132.0,1.34
***,SÃO JOSÉ DO RIO CLARO,1,132.0,1.34
***,SÃO JOSÉ,1,132.0,1.34
***,SÃO GERALDO DO ARAGUAIA,1,132.0,1.34
***,SÃO GABRIEL DA PALHA,1,132.0,1.34
***,SÃO FRANCISCO DO PARÁ,1,132.0,1.34
***,SÃO FRANCISCO DE SALES,1,132.0,1.34
***,SÃO FRANCISCO DE ASSIS,1,132.0,1.34
***,SÃO CAETANO DO SUL,1,132.0,1.34
***,SÃO BENEDITO,1,132.0,1.34
***,SERTÃOZINHO,1,132.0,1.34
***,SONORA,1,132.0,1.34
***,SOBRAL,1,132.0,1.34
***,SIRINHAÉM,1,132.0,1.34
***,SIQUEIRA CAMPOS,1,132.0,1.34
***,SIMPLÍCIO MENDES,1,132.0,1.34
***,SILVÂNIA,1,132.0,1.34
***,SETUBINHA,1,132.0,1.34
***,SETE BARRAS,1,132.0,1.34
***,SANTA TEREZINHA,1,132.0,1.34
***,SANTA TERESINHA,1,132.0,1.34
***,SANTA ROSA DO PURUS,1,132.0,1.34
***,RIO PARDO,1,132.0,1.34
***,SABARÁ,1,132.0,1.34
***,RUY BARBOSA,1,132.0,1.34
***,RURÓPOLIS,1,132.0,1.34
***,ROSÁRIO OESTE,1,132.0,1.34
***,ROSANA,1,132.0,1.34
***,RORAINÓPOLIS,1,132.0,1.34
***,ROMARIA,1,132.0,1.34
***,ROCHEDO,1,132.0,1.34
***,RIO LARGO,1,132.0,1.34
***,SANTA RITA DO TRIVELATO,1,132.0,1.34
***,RIO DO OESTE,1,132.0,1.34
***,RIO DAS OSTRAS,1,132.0,1.34
***,RIBEIRÃO DAS NEVES,1,132.0,1.34
***,RIBEIRÃO CASCALHEIRA,1,132.0,1.34
***,RIBEIRO GONÇALVES,1,132.0,1.34
***,RIACHÃO,1,132.0,1.34
***,RIACHO DAS ALMAS,1,132.0,1.34
***,RESPLENDOR,1,132.0,1.34
***,SABÁUDIA,1,132.0,1.34
***,SACRAMENTO,1,132.0,1.34
***,SALES,1,132.0,1.34
***,SALES OLIVEIRA,1,132.0,1.34
***,SANTA RITA DO NOVO DESTINO,1,132.0,1.34
***,SANTA RITA DE CÁSSIA,1,132.0,1.34
***,SANTA MARIANA,1,132.0,1.34
***,SANTA MARIA MADALENA,1,132.0,1.34
***,SANTA JULIANA,1,132.0,1.34
***,SANTA ISABEL DO RIO NEGRO,1,132.0,1.34
***,SANTA ISABEL DO IVAÍ,1,132.0,1.34
***,SANTA INÊS,1,132.0,1.34
***,SANTA FÉ DO SUL,1,132.0,1.34
***,SANTA CRUZ DO RIO PARDO,1,132.0,1.34
***,SANTA CRUZ DO ARARI,1,132.0,1.34
***,SANTA CRUZ DAS PALMEIRAS,1,132.0,1.34
***,SANTA CRUZ CABRÁLIA,1,132.0,1.34
***,SANTA CLARA D'OESTE,1,132.0,1.34
***,SANTA BÁRBARA D'OESTE,1,132.0,1.34
***,SANTA BÁRBARA,1,132.0,1.34
***,SANT'ANA DO LIVRAMENTO,1,132.0,1.34
***,SÃO JOSÉ DO RIO PARDO,1,132.0,1.34
***,SÃO JOSÉ DOS AUSENTES,1,132.0,1.34
***,SÃO JOSÉ DOS QUATRO MARCOS,1,132.0,1.34
***,UBÁ,1,132.0,1.34
***,VALE VERDE,1,132.0,1.34
***,URUARÁ,1,132.0,1.34
***,URANDI,1,132.0,1.34
***,UNIÃO DE MINAS,1,132.0,1.34
***,UNIÃO DA VITÓRIA,1,132.0,1.34
***,UNIÃO,1,132.0,1.34
***,ULIANÓPOLIS,1,132.0,1.34
***,UCHOA,1,132.0,1.34
***,UAUÁ,1,132.0,1.34
***,TOROPI,1,132.0,1.34
***,TURMALINA,1,132.0,1.34
***,TUPI PAULISTA,1,132.0,1.34
***,TUMIRITINGA,1,132.0,1.34
***,TUCURUÍ,1,132.0,1.34
***,TRÊS RANCHOS,1,132.0,1.34
***,TRÊS PONTAS,1,132.0,1.34
***,TRÊS FORQUILHAS,1,132.0,1.34
***,TRIUNFO,1,132.0,1.34
***,VALENÇA DO PIAUÍ,1,132.0,1.34
***,VARGEM ALTA,1,132.0,1.34
***,VARGEM BONITA,1,132.0,1.34
***,VARJÃO DE MINAS,1,132.0,1.34
***,ÂNGULO,1,132.0,1.34
***,ÁGUA LIMPA,1,132.0,1.34
***,XINGUARA,1,132.0,1.34
***,VOLTA REDONDA,1,132.0,1.34
***,VITÓRIA BRASIL,1,132.0,1.34
***,VISCONDE DO RIO BRANCO,1,132.0,1.34
***,VIRADOURO,1,132.0,1.34
***,VINHEDO,1,132.0,1.34
***,VILA NOVA DOS MARTÍRIOS,1,132.0,1.34
***,VICENTINA,1,132.0,1.34
***,VIANA,1,132.0,1.34
***,VERÍSSIMO,1,132.0,1.34
***,VERANÓPOLIS,1,132.0,1.34
***,VERA CRUZ,1,132.0,1.34
***,VERA,1,132.0,1.34
***,VENÂNCIO AIRES,1,132.0,1.34
***,VENDA NOVA DO IMIGRANTE,1,132.0,1.34
***,TRAJANO DE MORAES,1,132.0,1.34
***,TORIXORÉU,1,132.0,1.34
***,SÃO JOÃO DA BOA VISTA,1,132.0,1.34
***,SÃO PEDRO DO IVAÍ,1,132.0,1.34
***,TAIPU,1,132.0,1.34
***,TABOÃO DA SERRA,1,132.0,1.34
***,TABAPORÃ,1,132.0,1.34
***,SÍTIO NOVO,1,132.0,1.34
***,SÃO VICENTE FERRER,1,132.0,1.34
***,SÃO VICENTE DO SUL,1,132.0,1.34
***,SÃO SEBASTIÃO DO OESTE,1,132.0,1.34
***,SÃO ROQUE,1,132.0,1.34
***,SÃO PEDRO DA ÁGUA BRANCA,1,132.0,1.34
***,TOMBOS,1,132.0,1.34
***,SÃO PAULO DE OLIVENÇA,1,132.0,1.34
***,SÃO MIGUEL DO TAPUIO,1,132.0,1.34
***,SÃO MATEUS,1,132.0,1.34
***,SÃO MANUEL,1,132.0,1.34
***,SÃO MANOEL DO PARANÁ,1,132.0,1.34
***,SÃO LUÍS DE MONTES BELOS,1,132.0,1.34
***,SÃO LOURENÇO DA SERRA,1,132.0,1.34
***,SÃO JOÃO DO POLÊSINE,1,132.0,1.34
***,TAMARANA,1,132.0,1.34
***,TAMBAÚ,1,132.0,1.34
***,TAMBORIL DO PIAUÍ,1,132.0,1.34
***,TAPAUÁ,1,132.0,1.34
***,TOLEDO,1,132.0,1.34
***,TIMÓTEO,1,132.0,1.34
***,TIMON,1,132.0,1.34
***,TIJUCAS DO SUL,1,132.0,1.34
***,TESOURO,1,132.0,1.34
***,TERRA SANTA,1,132.0,1.34
***,TERRA BOA,1,132.0,1.34
***,TERESINA DE GOIÁS,1,132.0,1.34
***,TEIXEIRA DE FREITAS,1,132.0,1.34
***,TATUÍ,1,132.0,1.34
***,TASSO FRAGOSO,1,132.0,1.34
***,TARUMIRIM,1,132.0,1.34
***,TAQUARUSSU,1,132.0,1.34
***,TAQUARAÇU DE MINAS,1,132.0,1.34
***,TAPIRAMUTÁ,1,132.0,1.34
***,TAPIRA,1,132.0,1.34
***,TAPERA,1,132.0,1.34
***,RESERVA DO CABAÇAL,1,132.0,1.34
***,RESENDE,1,132.0,1.34
***,JOÃO PINHEIRO,1,132.0,1.34
***,MONTES CLAROS DE GOIÁS,1,132.0,1.34
***,MUITOS CAPÕES,1,132.0,1.34
***,MUCUGÊ,1,132.0,1.34
***,MUANÁ,1,132.0,1.34
***,MOSSÂMEDES,1,132.0,1.34
***,MORTUGABA,1,132.0,1.34
***,MORRO AGUDO,1,132.0,1.34
***,MORPARÁ,1,132.0,1.34
***,MONTIVIDIU,1,132.0,1.34
***,MONTE SANTO,1,132.0,1.34
***,NATAL,1,132.0,1.34
***,MONTE DO CARMO,1,132.0,1.34
***,MONTE CARMELO,1,132.0,1.34
***,MONTE ALEGRE DO PIAUÍ,1,132.0,1.34
***,MOGI MIRIM,1,132.0,1.34
***,MIRASSOL D'OESTE,1,132.0,1.34
***,MIRANORTE,1,132.0,1.34
***,MIRADOR,1,132.0,1.34
***,MINEIROS,1,132.0,1.34
***,NANUQUE,1,132.0,1.34
***,NAZARÉ PAULISTA,1,132.0,1.34
***,RECURSOLÂNDIA,1,132.0,1.34
***,NOVA FRIBURGO,1,132.0,1.34
***,NOVA RAMADA,1,132.0,1.34
***,NOVA PRATA,1,132.0,1.34
***,NOVA PONTE,1,132.0,1.34
***,NOVA OLINDA DO NORTE,1,132.0,1.34
***,NOVA MARINGÁ,1,132.0,1.34
***,NOVA MAMORÉ,1,132.0,1.34
***,NOVA INDEPENDÊNCIA,1,132.0,1.34
***,NOVA GRANADA,1,132.0,1.34
***,NOVA ERECHIM,1,132.0,1.34
***,NIQUELÂNDIA,1,132.0,1.34
***,NOVA CRIXÁS,1,132.0,1.34
***,NOVA CANTU,1,132.0,1.34
***,NOVA BRASILÂNDIA,1,132.0,1.34
***,NOVA BELÉM,1,132.0,1.34
***,NOSSA SENHORA DO LIVRAMENTO,1,132.0,1.34
***,NORMANDIA,1,132.0,1.34
***,NONOAI,1,132.0,1.34
***,NOBRES,1,132.0,1.34
***,MINAS NOVAS,1,132.0,1.34
***,MESÓPOLIS,1,132.0,1.34
***,MAUÁ DA SERRA,1,132.0,1.34
***,LAVRAS,1,132.0,1.34
***,MACATUBA,1,132.0,1.34
***,MACARANI,1,132.0,1.34
***,LUIZIÂNIA,1,132.0,1.34
***,LONTRAS,1,132.0,1.34
***,LOBATO,1,132.0,1.34
***,LIMEIRA DO OESTE,1,132.0,1.34
***,LEOPOLDO DE BULHÕES,1,132.0,1.34
***,LAVÍNIA,1,132.0,1.34
***,LAJEADO NOVO,1,132.0,1.34
***,MATÃO,1,132.0,1.34
***,LAJEADO GRANDE,1,132.0,1.34
***,LAJEADO,1,132.0,1.34
***,LAGUNA,1,132.0,1.34
***,LAGOA FORMOSA,1,132.0,1.34
***,JUÍNA,1,132.0,1.34
***,JUSSARA,1,132.0,1.34
***,JUSCIMEIRA,1,132.0,1.34
***,JURUÁ,1,132.0,1.34
***,MANACAPURU,1,132.0,1.34
***,MANAQUIRI,1,132.0,1.34
***,MANHUAÇU,1,132.0,1.34
***,MANOEL RIBAS,1,132.0,1.34
***,MATRIZ DE CAMARAGIBE,1,132.0,1.34
***,MATO RICO,1,132.0,1.34
***,MATINHOS,1,132.0,1.34
***,MATINHA,1,132.0,1.34
***,MATEIROS,1,132.0,1.34
***,MATA,1,132.0,1.34
***,MASSARANDUBA,1,132.0,1.34
***,MARIÁPOLIS,1,132.0,1.34
***,MARIALVA,1,132.0,1.34
***,MARIA HELENA,1,132.0,1.34
***,MARECHAL THAUMATURGO,1,132.0,1.34
***,MARANGUAPE,1,132.0,1.34
***,MARAGOGI,1,132.0,1.34
***,MARABÁ PAULISTA,1,132.0,1.34
***,MARABÁ,1,132.0,1.34
***,MARA ROSA,1,132.0,1.34
***,MANTENA,1,132.0,1.34
***,NOVA ROSALÂNDIA,1,132.0,1.34
***,NOVA XAVANTINA,1,132.0,1.34
***,NOVO GAMA,1,132.0,1.34
***,PLACAS,1,132.0,1.34
***,PORTO ALEGRE DO NORTE,1,132.0,1.34
***,PORECATU,1,132.0,1.34
***,PONTE ALTA DO TOCANTINS,1,132.0,1.34
***,PONTA DE PEDRAS,1,132.0,1.34
***,POMPÉU,1,132.0,1.34
***,POLONI,1,132.0,1.34
***,PLANURA,1,132.0,1.34
***,PLANALTO DA SERRA,1,132.0,1.34
***,PIUM,1,132.0,1.34
***,PIACATU,1,132.0,1.34
***,PIRIPIRI,1,132.0,1.34
***,PIRACURUCA,1,132.0,1.34
***,PIQUETE,1,132.0,1.34
***,PINHÃO,1,132.0,1.34
***,PINHALZINHO,1,132.0,1.34
***,PINDORAMA,1,132.0,1.34
***,PIMENTA BUENO,1,132.0,1.34
***,PIEDADE DOS GERAIS,1,132.0,1.34
***,PORTO DE MOZ,1,132.0,1.34
***,PORTO DOS GAÚCHOS,1,132.0,1.34
***,PORTO FELIZ,1,132.0,1.34
***,POTIRENDABA,1,132.0,1.34
***,QUISSAMÃ,1,132.0,1.34
***,QUELUZITO,1,132.0,1.34
***,QUEIROZ,1,132.0,1.34
***,PROMISSÃO,1,132.0,1.34
***,PRINCESA ISABEL,1,132.0,1.34
***,PRIMEIRO DE MAIO,1,132.0,1.34
***,PRIMAVERA,1,132.0,1.34
***,PRESIDENTE VENCESLAU,1,132.0,1.34
***,PRESIDENTE OLEGÁRIO,1,132.0,1.34
***,PRESIDENTE EPITÁCIO,1,132.0,1.34
***,PRESIDENTE CASTELO BRANCO,1,132.0,1.34
***,PRESIDENTE BERNARDES,1,132.0,1.34
***,PRATINHA,1,132.0,1.34
***,PRATA,1,132.0,1.34
***,PRAIA GRANDE,1,132.0,1.34
***,PRADÓPOLIS,1,132.0,1.34
***,POXORÉO,1,132.0,1.34
***,PIEDADE,1,132.0,1.34
***,PETROLINA DE GOIÁS,1,132.0,1.34
***,NOVO LINO,1,132.0,1.34
***,ORLÂNDIA,1,132.0,1.34
***,PALMEIRA DAS MISSÕES,1,132.0,1.34
***,PALMEIRA,1,132.0,1.34
***,PALMARES DO SUL,1,132.0,1.34
***,PACAJÁ,1,132.0,1.34
***,OUROESTE,1,132.0,1.34
***,OURO VERDE,1,132.0,1.34
***,OURO BRANCO,1,132.0,1.34
***,OURO,1,132.0,1.34
***,ORIZONA,1,132.0,1.34
***,PETROLINA,1,132.0,1.34
***,ONÇA DE PITANGUI,1,132.0,1.34
***,OLIVEIRA,1,132.0,1.34
***,OLINDA,1,132.0,1.34
***,OEIRAS,1,132.0,1.34
***,OCARA,1,132.0,1.34
***,NÍSIA FLORESTA,1,132.0,1.34
***,NOVO REPARTIMENTO,1,132.0,1.34
***,NOVO PLANALTO,1,132.0,1.34
***,PALOTINA,1,132.0,1.34
***,PARACATU,1,132.0,1.34
***,PARAIBUNA,1,132.0,1.34
***,PARANAPANEMA,1,132.0,1.34
***,PERUÍBE,1,132.0,1.34
***,PEJUÇARA,1,132.0,1.34
***,PEIXOTO DE AZEVEDO,1,132.0,1.34
***,PEDRO AFONSO,1,132.0,1.34
***,PEDRALVA,1,132.0,1.34
***,PAÇO DO LUMIAR,1,132.0,1.34
***,PAVERAMA,1,132.0,1.34
***,PAULA FREITAS,1,132.0,1.34
***,PAUDALHO,1,132.0,1.34
***,PAU D'ARCO,1,132.0,1.34
***,PASSOS,1,132.0,1.34
***,PASSAGEM FRANCA,1,132.0,1.34
***,PARNAÍBA,1,132.0,1.34
***,PARELHAS,1,132.0,1.34
***,PARAÍSO DO NORTE,1,132.0,1.34
***,PARANAÍBA,1,132.0,1.34
***,PARANAVAÍ,1,132.0,1.34
***,ACEGUÁ,1,132.0,1.34
***,ARACRUZ,1,132.0,1.34
***,ARIPUANÃ,3,132.0,1.34
***,LINHARES,3,132.0,1.34
***,MANICORÉ,3,132.0,1.34
***,MARITUBA,3,132.0,1.34
***,MARÍLIA,3,132.0,1.34
***,MOGI GUAÇU,3,132.0,1.34
***,MOSTARDAS,3,132.0,1.34
***,NOVA BANDEIRANTES,3,132.0,1.34
***,NOVO ARIPUANÃ,3,132.0,1.34
***,PARATY,3,132.0,1.34
***,PARAUAPEBAS,3,132.0,1.34
***,PASSO FUNDO,3,132.0,1.34
***,PATROCÍNIO,3,132.0,1.34
***,PAULÍNIA,3,132.0,1.34
***,PEDRO OSÓRIO,3,132.0,1.34
***,PENÁPOLIS,3,132.0,1.34
***,PIRACANJUBA,3,132.0,1.34
***,PLANALTINA,3,132.0,1.34
***,PORTO MURTINHO,3,132.0,1.34
***,PORTO NACIONAL,3,132.0,1.34
***,PORTO UNIÃO,3,132.0,1.34
***,POÇOS DE CALDAS,3,132.0,1.34
***,RAPOSA,3,132.0,1.34
***,REDENÇÃO,3,132.0,1.34
***,RESTINGA SECA,3,132.0,1.34
***,RIACHÃO DAS NEVES,3,132.0,1.34
***,RIO CLARO,3,132.0,1.34
***,SANTA HELENA DE GOIÁS,3,132.0,1.34
***,SANTA ISABEL,3,132.0,1.34
***,MACEIÓ,3,132.0,1.34
***,LENÇÓIS PAULISTA,3,132.0,1.34
***,CAJAMAR,5,132.0,1.34
***,LARANJAL DO JARI,3,132.0,1.34
***,CHAPECÓ,3,132.0,1.34
***,CONTAGEM,3,132.0,1.34
***,CORUPÁ,3,132.0,1.34
***,COSMÓPOLIS,3,132.0,1.34
***,ENVIRA,3,132.0,1.34
***,FEIJÓ,3,132.0,1.34
***,FORMOSA,3,132.0,1.34
***,FRANCA,3,132.0,1.34
***,GOIATUBA,3,132.0,1.34
***,GUARUJÁ,3,132.0,1.34
***,GUAÍRA,3,132.0,1.34
***,GUIRATINGA,3,132.0,1.34
***,GURUPI,3,132.0,1.34
***,IMPERATRIZ,3,132.0,1.34
***,INACIOLÂNDIA,3,132.0,1.34
***,IPIXUNA,3,132.0,1.34
***,ITACOATIARA,3,132.0,1.34
***,ITAPEMA,3,132.0,1.34
***,ITIRAPINA,3,132.0,1.34
***,ITOBI,3,132.0,1.34
***,ITUMBIARA,3,132.0,1.34
***,IVATÉ,3,132.0,1.34
***,IVINHEMA,3,132.0,1.34
***,JACAREACANGA,3,132.0,1.34
***,JATAÍ,3,132.0,1.34
***,JI-PARANÁ,3,132.0,1.34
***,JUARA,3,132.0,1.34
***,SANTA MARIA,3,132.0,1.34
***,SANTA RITA DO PARDO,3,132.0,1.34
***,SANTO ÂNGELO,3,132.0,1.34
***,SANTOS,3,132.0,1.34
***,UBATUBA,10,132.0,1.34
***,SÃO DESIDÉRIO,10,132.0,1.34
***,ALEGRETE,10,132.0,1.34
***,PARÁ DE MINAS,11,132.0,1.34
***,NOVO PROGRESSO,11,132.0,1.34
***,CORRENTINA,11,132.0,1.34
***,BALSAS,11,132.0,1.34
***,PRIMAVERA DO LESTE,12,132.0,1.34
***,VITÓRIA,13,132.0,1.34
***,SOROCABA,13,132.0,1.34
***,SANTARÉM,13,132.0,1.34
***,RIO BRANCO,13,132.0,1.34
***,FLORIANÓPOLIS,13,132.0,1.34
***,BRAGANÇA PAULISTA,13,132.0,1.34
***,RIO VERDE,14,132.0,1.34
***,CUIABÁ,14,132.0,1.34
***,SÃO FÉLIX DO XINGU,15,132.0,1.34
***,RECIFE,15,132.0,1.34
***,JUNDIAÍ,15,132.0,1.34
***,BOA VISTA,15,132.0,1.34
***,ABADIA DE GOIÁS,2,132.0,1.34
***,AFUÁ,2,132.0,1.34
***,ALFENAS,2,132.0,1.34
***,ALTA FLORESTA,2,132.0,1.34
***,ALTA FLORESTA D'OESTE,2,132.0,1.34
***,ALTO GARÇAS,2,132.0,1.34
***,AMAPORÃ,2,132.0,1.34
***,URUGUAIANA,10,132.0,1.34
***,VILA VELHA,10,132.0,1.34
***,ANGRA DOS REIS,9,132.0,1.34
***,VARGINHA,3,132.0,1.34
***,SÃO CARLOS,3,132.0,1.34
***,SÃO JOSÉ DO XINGU,3,132.0,1.34
***,SÃO PEDRO DO SUL,3,132.0,1.34
***,SÃO SEBASTIÃO,3,132.0,1.34
***,TAPES,3,132.0,1.34
***,TERESÓPOLIS,3,132.0,1.34
***,TEÓFILO OTONI,3,132.0,1.34
***,TRÊS LAGOAS,3,132.0,1.34
***,UMUARAMA,3,132.0,1.34
***,UNAÍ,3,132.0,1.34
***,URUAÇU,3,132.0,1.34
***,URUÇUÍ,3,132.0,1.34
***,ÁGUA BOA,3,132.0,1.34
***,CONFINS,9,132.0,1.34
***,ARACAJU,7,132.0,1.34
***,AQUIRAZ,7,132.0,1.34
***,SORRISO,8,132.0,1.34
***,PARAGOMINAS,8,132.0,1.34
***,ANÁPOLIS,8,132.0,1.34
***,ALTO ALEGRE,8,132.0,1.34
***,ALTAMIRA,8,132.0,1.34
***,RONDONÓPOLIS,9,132.0,1.34
***,POCONÉ,9,132.0,1.34
***,MARINGÁ,9,132.0,1.34
***,JUIZ DE FORA,9,132.0,1.34
***,FORTALEZA,9,132.0,1.34
***,CHAPADA DOS GUIMARÃES,3,132.0,1.34
***,CAUCAIA,3,132.0,1.34
***,CAROLINA,3,132.0,1.34
***,LAGES,4,132.0,1.34
***,PONTA PORÃ,6,132.0,1.34
***,PONTA GROSSA,6,132.0,1.34
***,PIRACICABA,6,132.0,1.34
***,PALMAS,6,132.0,1.34
***,ALMEIRIM,4,132.0,1.34
***,ARAPONGAS,4,132.0,1.34
***,ARAÇATUBA,4,132.0,1.34
***,ARUANÃ,4,132.0,1.34
***,BAURU,4,132.0,1.34
***,BOTUCATU,4,132.0,1.34
***,BURITAMA,4,132.0,1.34
***,CAMETÁ,4,132.0,1.34
***,CAMPO NOVO DO PARECIS,4,132.0,1.34
***,CAMPO VERDE,4,132.0,1.34
***,CANARANA,4,132.0,1.34
***,CARUARU,4,132.0,1.34
***,CASCAVEL,4,132.0,1.34
***,CATANDUVA,4,132.0,1.34
***,CÁCERES,4,132.0,1.34
***,DIAMANTINO,4,132.0,1.34
***,ELDORADO DO SUL,4,132.0,1.34
***,GARUVA,4,132.0,1.34
***,IPATINGA,4,132.0,1.34
***,IRACEMA,4,132.0,1.34
***,ITAJAÍ,4,132.0,1.34
***,ITUPEVA,4,132.0,1.34
***,ITÁPOLIS,4,132.0,1.34
***,QUERÊNCIA,6,132.0,1.34
***,RIO GRANDE,6,132.0,1.34
***,SINOP,6,132.0,1.34
***,RIBAS DO RIO PARDO,5,132.0,1.34
***,CHAPADÃO DO SUL,5,132.0,1.34
***,DOM PEDRITO,5,132.0,1.34
***,ILHÉUS,5,132.0,1.34
***,IPIRANGA DO NORTE,5,132.0,1.34
***,ITIQUIRA,5,132.0,1.34
***,JOINVILLE,5,132.0,1.34
***,LUIZ ALVES,5,132.0,1.34
***,MARICÁ,5,132.0,1.34
***,MOGI DAS CRUZES,5,132.0,1.34
***,NAVEGANTES,5,132.0,1.34
***,ORIXIMINÁ,5,132.0,1.34
***,QUIRINÓPOLIS,5,132.0,1.34
***,SÃO JOSÉ DOS CAMPOS,5,132.0,1.34
***,SÃO BORJA,6,132.0,1.34
***,SÃO JOSÉ DOS PINHAIS,5,132.0,1.34
***,TAPURAH,5,132.0,1.34
***,TERESINA,5,132.0,1.34
***,TRINDADE,5,132.0,1.34
***,VÁRZEA GRANDE,5,132.0,1.34
***,ÁGUA CLARA,5,132.0,1.34
***,BRASNORTE,5,132.0,1.34
***,ARAGUAÍNA,5,132.0,1.34
***,AMERICANA,5,132.0,1.34
***,AMAJARI,5,132.0,1.34
***,UBERLÂNDIA,6,132.0,1.34
***,TAUBATÉ,6,132.0,1.34
***,JUAZEIRO DO NORTE,4,132.0,1.34
***,MAÇAMBARÁ,4,132.0,1.34
***,CANUTAMA,3,132.0,1.34
***,MIRACATU,4,132.0,1.34
***,SÃO LUÍS,7,132.0,1.34
***,SÃO JOSÉ DO RIO PRETO,7,132.0,1.34
***,SAPEZAL,7,132.0,1.34
***,SANTA VITÓRIA DO PALMAR,7,132.0,1.34
***,PORTO VELHO,7,132.0,1.34
***,MIRANDA,7,132.0,1.34
***,LUZIÂNIA,7,132.0,1.34
***,FOZ DO IGUAÇU,7,132.0,1.34
***,CORUMBÁ,7,132.0,1.34
***,CALDAS NOVAS,7,132.0,1.34
***,CABO FRIO,7,132.0,1.34
***,ALTO PARAÍSO DE GOIÁS,3,132.0,1.34
***,ALTO PIQUIRI,3,132.0,1.34
***,ANAJÁS,3,132.0,1.34
***,APUÍ,3,132.0,1.34
***,ARROIO GRANDE,7,132.0,1.34
***,ATIBAIA,3,132.0,1.34
***,AVARÉ,3,132.0,1.34
***,BAGÉ,3,132.0,1.34
***,BARRETOS,3,132.0,1.34
***,BARÃO DE MELGAÇO,3,132.0,1.34
***,BODOQUENA,3,132.0,1.34
***,CAJATI,3,132.0,1.34
***,CAMAQUÃ,3,132.0,1.34
***,CAMBÉ,3,132.0,1.34
***,CAMPINA GRANDE DO SUL,3,132.0,1.34
***,CAMPO FLORIDO,3,132.0,1.34
***,VIAMÃO,7,132.0,1.34
***,BOITUVA,6,132.0,1.34
***,CACHOEIRA DO SUL,6,132.0,1.34
***,SENA MADUREIRA,4,132.0,1.34
***,NOVA ANDRADINA,4,132.0,1.34
***,NOVA UBIRATÃ,4,132.0,1.34
***,NOVO HORIZONTE,4,132.0,1.34
***,PALESTINA,4,132.0,1.34
***,PARANATINGA,4,132.0,1.34
***,PATOS DE MINAS,4,132.0,1.34
***,PEDRA PRETA,4,132.0,1.34
***,PONTES E LACERDA,4,132.0,1.34
***,PORTO SEGURO,4,132.0,1.34
***,QUERÊNCIA DO NORTE,4,132.0,1.34
***,RIO BRILHANTE,4,132.0,1.34
***,SANTANA DO ARAGUAIA,4,132.0,1.34
***,SÃO SEPÉ,4,132.0,1.34
***,CAMPO LARGO,6,132.0,1.34
***,TANGARÁ DA SERRA,4,132.0,1.34
***,UBERABA,4,132.0,1.34
***,UIRAMUTÃ,4,132.0,1.34
***,VILA BELA DA SANTÍSSIMA TRINDADE,4,132.0,1.34
***,VILHENA,4,132.0,1.34
***,MONTES CLAROS,6,132.0,1.34
***,MACAPÁ,6,132.0,1.34
***,LUCAS DO RIO VERDE,6,132.0,1.34
***,LAGOA DA CONFUSÃO,6,132.0,1.34
***,ITAQUI,6,132.0,1.34
***,ITANHAÉM,6,132.0,1.34
***,CARAUARI,6,132.0,1.34
***,ANORI,2,132.0,1.34
***,ARARAQUARA,2,132.0,1.34
***,ARARI,2,132.0,1.34
***,PIRANHAS,2,132.0,1.34
***,PIRASSUNUNGA,2,132.0,1.34
***,PIRAÍ DO SUL,2,132.0,1.34
***,PORTO BELO,2,132.0,1.34
***,POUSO ALEGRE,2,132.0,1.34
***,PRADO,2,132.0,1.34
***,PRESIDENTE FIGUEIREDO,2,132.0,1.34
***,QUARTO CENTENÁRIO,2,132.0,1.34
***,QUATRO BARRAS,2,132.0,1.34
***,QUATRO IRMÃOS,2,132.0,1.34
***,RIO NEGRINHO,2,132.0,1.34
***,RIO VERDE DE MATO GROSSO,2,132.0,1.34
***,ROSÁRIO,2,132.0,1.34
***,ROSÁRIO DO SUL,2,132.0,1.34
***,SALTO DE PIRAPORA,2,132.0,1.34
***,SANTA CRUZ DO SUL,2,132.0,1.34
***,SANTA LUZIA,2,132.0,1.34
***,SANTA MÔNICA,2,132.0,1.34
***,SANTA RITA,2,132.0,1.34
***,SANTO ANTÔNIO DO LEVERGER,2,132.0,1.34
***,SCHROEDER,2,132.0,1.34
***,SERRA,2,132.0,1.34
***,SIDROLÂNDIA,2,132.0,1.34
***,SOCORRO,2,132.0,1.34
***,PIRAQUARA,2,132.0,1.34
***,PIRAJUÍ,2,132.0,1.34
***,MORADA NOVA DE MINAS,2,132.0,1.34
***,PEROLÂNDIA,2,132.0,1.34
***,MUNDO NOVO,2,132.0,1.34
***,NAZÁRIO,2,132.0,1.34
***,NITERÓI,2,132.0,1.34
***,NOVA ESPERANÇA,2,132.0,1.34
***,NOVA IGUAÇU,2,132.0,1.34
***,NOVA LIMA,2,132.0,1.34
***,NOVA MUTUM,2,132.0,1.34
***,NOVO AIRÃO,2,132.0,1.34
***,NOVO SÃO JOAQUIM,2,132.0,1.34
***,OLÍMPIA,2,132.0,1.34
***,OROCÓ,2,132.0,1.34
***,ORÓS,2,132.0,1.34
***,OSASCO,2,132.0,1.34
***,OSÓRIO,2,132.0,1.34
***,AREALVA,2,132.0,1.34
***,OURO PRETO,2,132.0,1.34
***,PACAEMBU,2,132.0,1.34
***,PARAGUAÇU PAULISTA,2,132.0,1.34
***,PARAÚNA,2,132.0,1.34
***,PARNAMIRIM,2,132.0,1.34
***,PAUINI,2,132.0,1.34
***,PELOTAS,2,132.0,1.34
***,PERDIZES,2,132.0,1.34
***,SÃO BERNARDO DO CAMPO,2,132.0,1.34
***,SÃO FRANCISCO DO SUL,2,132.0,1.34
***,SÃO FÉLIX DO ARAGUAIA,2,132.0,1.34
***,SÃO GABRIEL,2,132.0,1.34
***,ÁGUA BRANCA,2,132.0,1.34
***,ÁGUAS INTERNACIONAIS,2,132.0,1.34
***,ÓBIDOS,2,132.0,1.34
***,CURITIBA,17,132.0,1.34
***,CAMPO GRANDE,19,132.0,1.34
***,RIBEIRÃO PRETO,20,132.0,1.34
***,ITAITUBA,23,132.0,1.34
***,BELÉM,23,132.0,1.34
***,PORTO ALEGRE,25,132.0,1.34
***,SALVADOR,27,132.0,1.34
***,COARI,27,132.0,1.34
***,LONDRINA,33,132.0,1.34
***,CAMPOS DOS GOYTACAZES,35,132.0,1.34
***,BELO HORIZONTE,35,132.0,1.34
***,GUARULHOS,36,132.0,1.34
***,NÃO IDENTIFICADA,37,132.0,1.34
***,MANAUS,37,132.0,1.34
***,GOIÂNIA,46,132.0,1.34
***,CAMPINAS,50,132.0,1.34
***,MACAÉ,52,132.0,1.34
***,BRASÍLIA,55,132.0,1.34
***,SÃO PAULO,106,132.0,1.34
***,RIO DE JANEIRO,128,132.0,1.34
***,VITÓRIA DA CONQUISTA,2,132.0,1.34
***,VILA RICA,2,132.0,1.34
***,VILA PROPÍCIO,2,132.0,1.34
***,SÃO VICENTE,2,132.0,1.34
***,SÃO GABRIEL DO OESTE,2,132.0,1.34
***,SÃO JOSÉ DE RIBAMAR,2,132.0,1.34
***,SÃO JOÃO DEL REI,2,132.0,1.34
***,SÃO JOÃO DO CAIUÁ,2,132.0,1.34
***,SÃO LOURENÇO DO SUL,2,132.0,1.34
***,SÃO MIGUEL DO IGUAÇU,2,132.0,1.34
***,SÃO PEDRO,2,132.0,1.34
***,SÃO SEBASTIÃO DA BOA VISTA,2,132.0,1.34
***,SÃO SEBASTIÃO DO PARAÍSO,2,132.0,1.34
***,SÃO SEBASTIÃO DO PASSÉ,2,132.0,1.34
***,TABATINGA,2,132.0,1.34
***,VALENÇA,2,132.0,1.34
***,TAILÂNDIA,2,132.0,1.34
***,TAPEJARA,2,132.0,1.34
***,TEFÉ,2,132.0,1.34
***,TELÊMACO BORBA,2,132.0,1.34
***,TERRA RICA,2,132.0,1.34
***,TERRA ROXA,2,132.0,1.34
***,TIRADENTES,2,132.0,1.34
***,TIROS,2,132.0,1.34
***,TUCUMÃ,2,132.0,1.34
***,TUPACIGUARA,2,132.0,1.34
***,MUCAJAÍ,2,132.0,1.34
***,OURILÂNDIA DO NORTE,2,132.0,1.34
***,MONTENEGRO,2,132.0,1.34
***,CASTANHEIRA,2,132.0,1.34
***,CEREJEIRAS,2,132.0,1.34
***,CHAPADA GAÚCHA,2,132.0,1.34
***,COCALINHO,2,132.0,1.34
***,COLÍDER,2,132.0,1.34
***,CONCEIÇÃO DAS ALAGOAS,2,132.0,1.34
***,CONCEIÇÃO DO ARAGUAIA,2,132.0,1.34
***,CONQUISTA D'OESTE,2,132.0,1.34
***,COROMANDEL,2,132.0,1.34
***,CORUMBÁ DE GOIÁS,2,132.0,1.34
***,MONTE ALEGRE,2,132.0,1.34
***,COXIM,2,132.0,1.34
***,CRUZ ALTA,2,132.0,1.34
***,CRUZEIRO DO SUL,2,132.0,1.34
***,CUMARU DO NORTE,2,132.0,1.34
***,CURRALINHO,2,132.0,1.34
***,DENISE,2,132.0,1.34
***,DOURADOS,2,132.0,1.34
***,EDÉIA,2,132.0,1.34
***,ELDORADO,2,132.0,1.34
***,ELDORADO DOS CARAJÁS,2,132.0,1.34
***,ENGENHEIRO BELTRÃO,2,132.0,1.34
***,ENTRE-IJUÍS,2,132.0,1.34
***,ERECHIM,2,132.0,1.34
***,CAÇU,2,132.0,1.34
***,CARAGUATATUBA,2,132.0,1.34
***,FELIZ NATAL,2,132.0,1.34
***,CAPÃO DO LEÃO,2,132.0,1.34
***,ATALAIA DO NORTE,2,132.0,1.34
***,BALNEÁRIO CAMBORIÚ,2,132.0,1.34
***,BARCELOS,2,132.0,1.34
***,BARRA VELHA,2,132.0,1.34
***,BARREIRAS,2,132.0,1.34
***,BENEVIDES,2,132.0,1.34
***,BERTIOGA,2,132.0,1.34
***,BIRITIBA-MIRIM,2,132.0,1.34
***,BOCA DO ACRE,2,132.0,1.34
***,BOM JESUS,2,132.0,1.34
***,BOM JESUS DE GOIÁS,2,132.0,1.34
***,BOM JESUS DO GALHO,2,132.0,1.34
***,BROTAS,2,132.0,1.34
***,BURITIS,2,132.0,1.34
***,CAARAPÓ,2,132.0,1.34
***,CABECEIRAS,2,132.0,1.34
***,CACEQUI,2,132.0,1.34
***,CAIAPÔNIA,2,132.0,1.34
***,CAMAPUÃ,2,132.0,1.34
***,CAMPO BONITO,2,132.0,1.34
***,CAMPO MAGRO,2,132.0,1.34
***,CAMPO MOURÃO,2,132.0,1.34
***,CAPITÓLIO,2,132.0,1.34
***,ESPUMOSO,2,132.0,1.34
***,COTEGIPE,2,132.0,1.34
***,FERNANDO DE NORONHA,2,132.0,1.34
***,ITAÍ,2,132.0,1.34
***,JABOTICABAL,2,132.0,1.34
***,JANAÚBA,2,132.0,1.34
***,JAÍBA,2,132.0,1.34
***,JIJOCA DE JERICOACOARA,2,132.0,1.34
***,JUATUBA,2,132.0,1.34
***,JUQUIÁ,2,132.0,1.34
***,JUTI,2,132.0,1.34
***,LAPA,2,132.0,1.34
***,LEME,2,132.0,1.34
***,LENÇÓIS,2,132.0,1.34
***,LIMEIRA,2,132.0,1.34
***,LINS,2,132.0,1.34
***,LOANDA,2,132.0,1.34
***,LUÍS EDUARDO MAGALHÃES,2,132.0,1.34
***,FORMIGA,2,132.0,1.34
***,MANDAGUAÇU,2,132.0,1.34
***,MANGARATIBA,2,132.0,1.34
***,MANOEL URBANO,2,132.0,1.34
***,MARAU,2,132.0,1.34
***,MARCELÂNDIA,2,132.0,1.34
***,MATÕES DO NORTE,2,132.0,1.34
***,MAUÉS,2,132.0,1.34
***,MIGUELÓPOLIS,2,132.0,1.34
***,ITU,2,132.0,1.34
***,MAIRIPORÃ,2,132.0,1.34
***,ITATIBA,2,132.0,1.34
***,IPUÃ,2,132.0,1.34
***,ITARIRI,2,132.0,1.34
***,GOIANÉSIA DO PARÁ,2,132.0,1.34
***,GOVERNADOR VALADARES,2,132.0,1.34
***,GUAPIAÇU,2,132.0,1.34
***,GUARANTÃ DO NORTE,2,132.0,1.34
***,GUARAPUAVA,2,132.0,1.34
***,GUARATINGUETÁ,2,132.0,1.34
***,GUAÍBA,2,132.0,1.34
***,INHAMBUPE,2,132.0,1.34
***,IPERÓ,2,132.0,1.34
***,CARACARAÍ,5,132.0,1.34
***,IRANDUBA,2,132.0,1.34
***,ITAMBÉ,2,132.0,1.34
***,ITABORAÍ,2,132.0,1.34
***,ITAPORÃ,2,132.0,1.34
***,ITAPIRA,2,132.0,1.34
***,ITAPIPOCA,2,132.0,1.34
***,ITAQUIRAÍ,2,132.0,1.34
***,ITAMARATI,2,132.0,1.34
***,ITAMARAJU,2,132.0,1.34
***,ITAJUBÁ,2,132.0,1.34
**NI,CASCAVEL,1,25.0,0.25
**NI,CANDEIAS DO JAMARI,1,25.0,0.25
**NI,CAMPO NOVO DO PARECIS,1,25.0,0.25
**NI,CANUTAMA,1,25.0,0.25
**NI,CARAUARI,1,25.0,0.25
**NI,CARMO DA CACHOEIRA,1,25.0,0.25
**NI,CANTAGALO,1,25.0,0.25
**NI,CRUZ,1,25.0,0.25
**NI,CAÇAPAVA,1,25.0,0.25
**NI,COLNIZA,1,25.0,0.25
**NI,CORUMBÁ,1,25.0,0.25
**NI,CAMBÉ,1,25.0,0.25
**NI,CRUZ ALTA,1,25.0,0.25
**NI,CURVELO,1,25.0,0.25
**NI,DOURADOS,1,25.0,0.25
**NI,ELDORADO DO SUL,1,25.0,0.25
**NI,CAMPO GRANDE,1,25.0,0.25
**NI,BARÃO DE MELGAÇO,1,25.0,0.25
**NI,CABREÚVA,1,25.0,0.25
**NI,AQUIDAUANA,1,25.0,0.25
**NI,RIO DE JANEIRO,8,25.0,0.25
**NI,CAMPINAS,17,25.0,0.25
**NI,BELO HORIZONTE,7,25.0,0.25
**NI,ALTAIR,1,25.0,0.25
**NI,ALTO ALEGRE,1,25.0,0.25
**NI,ANAURILÂNDIA,1,25.0,0.25
**NI,ARAGUAIANA,1,25.0,0.25
**NI,BRASNORTE,1,25.0,0.25
**NI,ARARAS,1,25.0,0.25
**NI,ARAÇATUBA,1,25.0,0.25
**NI,BARCELOS,1,25.0,0.25
**NI,BARRA DO BUGRES,1,25.0,0.25
**NI,BLUMENAU,1,25.0,0.25
**NI,BOA VISTA,1,25.0,0.25
**NI,ARACATI,1,25.0,0.25
**NI,FAXINAL,1,25.0,0.25
**NI,NÃO IDENTIFICADA,5,25.0,0.25
**NI,IVINHEMA,2,25.0,0.25
**NI,PRIMAVERA DO LESTE,1,25.0,0.25
**NI,POUSO ALEGRE,1,25.0,0.25
**NI,PORTO WALTER,1,25.0,0.25
**NI,PORTO MURTINHO,1,25.0,0.25
**NI,PIEDADE,1,25.0,0.25
**NI,ESPIGÃO D'OESTE,1,25.0,0.25
**NI,PORTO ALEGRE,5,25.0,0.25
**NI,MANAUS,2,25.0,0.25
**NI,PALMAS,1,25.0,0.25
**NI,NAVIRAÍ,2,25.0,0.25
**NI,QUIRINÓPOLIS,2,25.0,0.25
**NI,SINOP,2,25.0,0.25
**NI,VERA,2,25.0,0.25
**NI,VITÓRIA,2,25.0,0.25
**NI,PARECI NOVO,1,25.0,0.25
**NI,PARANATINGA,1,25.0,0.25
**NI,QUADRA,1,25.0,0.25
**NI,QUERÊNCIA,1,25.0,0.25
**NI,RIBEIRÃO PRETO,1,25.0,0.25
**NI,RIO BRANCO,1,25.0,0.25
**NI,SÃO JOSÉ DOS CAMPOS,1,25.0,0.25
**NI,SÃO JOSÉ,1,25.0,0.25
**NI,SÃO FÉLIX DO XINGU,1,25.0,0.25
**NI,SÃO FÉLIX DO ARAGUAIA,1,25.0,0.25
**NI,SOCORRO,1,25.0,0.25
**NI,SANTO ANTÔNIO DA PLATINA,1,25.0,0.25
**NI,SANTA RITA DO TRIVELATO,1,25.0,0.25
**NI,SANTA RITA,1,25.0,0.25
**NI,SANTA MARIA,1,25.0,0.25
**NI,SANTA MARGARIDA DO SUL,1,25.0,0.25
**NI,SANTA ISABEL DO RIO NEGRO,1,25.0,0.25
**NI,ROSÁRIO OESTE,1,25.0,0.25
**NI,RODEIO,1,25.0,0.25
**NI,RIO DAS OSTRAS,1,25.0,0.25
**NI,RIO BRILHANTE,1,25.0,0.25
**NI,PARANAIGUARA,1,25.0,0.25
**NI,PACAJUS,1,25.0,0.25
**NI,SALVADOR,3,25.0,0.25
**NI,INOCÊNCIA,1,25.0,0.25
**NI,JABOTICABAL,1,25.0,0.25
**NI,ITUMBIARA,1,25.0,0.25
**NI,ITAQUIRAÍ,1,25.0,0.25
**NI,ITAPORANGA D'AJUDA,1,25.0,0.25
**NI,IRACEMA,1,25.0,0.25
**NI,IPIXUNA DO PARÁ,1,25.0,0.25
**NI,IPIXUNA,1,25.0,0.25
**NI,INACIOLÂNDIA,1,25.0,0.25
**NI,OURILÂNDIA DO NORTE,1,25.0,0.25
**NI,GUARUJÁ,1,25.0,0.25
**NI,GUARAPUAVA,1,25.0,0.25
**NI,GUARANTÃ DO NORTE,1,25.0,0.25
**NI,GOIANDIRA,1,25.0,0.25
**NI,GAÚCHA DO NORTE,1,25.0,0.25
**NI,FOZ DO IGUAÇU,1,25.0,0.25
**NI,FORMOSO DO ARAGUAIA,1,25.0,0.25
**NI,JACAREACANGA,1,25.0,0.25
**NI,JACUPIRANGA,1,25.0,0.25
**NI,JAGUARÉ,1,25.0,0.25
**NI,LAVRAS,1,25.0,0.25
**NI,OROCÓ,1,25.0,0.25
**NI,ESMERALDAS,1,25.0,0.25
**NI,NOVA UBIRATÃ,1,25.0,0.25
**NI,NOVA BANDEIRANTES,1,25.0,0.25
**NI,NAVEGANTES,1,25.0,0.25
**NI,MARINGÁ,1,25.0,0.25
**NI,MARECHAL THAUMATURGO,1,25.0,0.25
**NI,MARACAÍ,1,25.0,0.25
**NI,MANGARATIBA,1,25.0,0.25
**NI,MACEIÓ,1,25.0,0.25
**NI,MACAÚBAS,1,25.0,0.25
**NI,MACAÉ,1,25.0,0.25
**NI,LUÍS EDUARDO MAGALHÃES,1,25.0,0.25
**NI,LUCAS DO RIO VERDE,1,25.0,0.25
**NI,LEOPOLDO DE BULHÕES,1,25.0,0.25
**NI,SÃO ROQUE,1,25.0,0.25
**NI,ARIPUANÃ,2,25.0,0.25
**NI,ERECHIM,1,25.0,0.25
**NI,BRAGANÇA PAULISTA,4,25.0,0.25
**NI,CUIABÁ,3,25.0,0.25
**NI,CONFINS,3,25.0,0.25
**NI,BRASÍLIA,4,25.0,0.25
**NI,FLORIANÓPOLIS,4,25.0,0.25
**NI,GOIÂNIA,4,25.0,0.25
**NI,RECIFE,4,25.0,0.25
**NI,TRÊS LAGOAS,1,25.0,0.25
**NI,CAMPOS DOS GOYTACAZES,3,25.0,0.25
**NI,BELÉM,3,25.0,0.25
**NI,FELIXLÂNDIA,1,25.0,0.25
**NI,TAPIRATIBA,1,25.0,0.25
**NI,TERESINA,1,25.0,0.25
**NI,TIJUCAS,1,25.0,0.25
**NI,TOMÉ-AÇU,1,25.0,0.25
**NI,XINGUARA,1,25.0,0.25
**NI,VILA BELA DA SANTÍSSIMA TRINDADE,1,25.0,0.25
**NI,TRINDADE,1,25.0,0.25
**NI,VERÍSSIMO,1,25.0,0.25
**NI,UBERLÂNDIA,1,25.0,0.25
**NI,CURITIBA,3,25.0,0.25
**NI,SÃO PAULO,4,25.0,0.25
**NI,TUCUMÃ,1,25.0,0.25
**NI,GUARULHOS,3,25.0,0.25
**NI,LONDRINA,3,25.0,0.25
**NI,ITAITUBA,3,25.0,0.25
SBBI,CAMPINA GRANDE DO SUL,1,19.0,0.19
SBBI,CURITIBA,85,19.0,0.19
SBNV,GOIÂNIA,49,14.0,0.14
SBJD,ITUPEVA,1,14.0,0.14
SBNV,APARECIDA DE GOIÂNIA,1,14.0,0.14
SBJD,JUNDIAÍ,90,14.0,0.14
APUA,PACAJÁ,1,13.0,0.13
APUA,PELOTAS,1,13.0,0.13
APUA,PEDRO OSÓRIO,1,13.0,0.13
APUA,PASSO DO SOBRADO,1,13.0,0.13
APUA,PARAGUAÇU PAULISTA,1,13.0,0.13
APUA,SONORA,1,13.0,0.13
APUA,IRAÍ DE MINAS,1,13.0,0.13
APUA,SANTO ANTÔNIO DO LEVERGER,1,13.0,0.13
APUA,MONTIVIDIU,2,13.0,0.13
APUA,MARILUZ,1,13.0,0.13
APUA,LUIZ ALVES,1,13.0,0.13
APUA,LUCAS DO RIO VERDE,1,13.0,0.13
APUA,JATAÍ,1,13.0,0.13
APUA,CACEQUI,1,13.0,0.13
SBPR,BELO HORIZONTE,52,13.0,0.13
APUA,ILHOTA,1,13.0,0.13
APUA,JAGUARÉ,1,13.0,0.13
APUA,SANTANA DO LIVRAMENTO,1,13.0,0.13
APUA,EDÉIA,1,13.0,0.13
APUA,SANTA CRUZ DO XINGU,1,13.0,0.13
APUA,FRUTAL,1,13.0,0.13
APUA,RIBAS DO RIO PARDO,1,13.0,0.13
SBMT,SÃO PAULO,182,13.0,0.13
APUA,CAMPO FLORIDO,1,13.0,0.13
APUA,CHAPADÃO DO CÉU,1,13.0,0.13
APUA,CHUPINGUAIA,1,13.0,0.13
APUA,COCOS,1,13.0,0.13
APUA,GOUVELÂNDIA,1,13.0,0.13
APUA,DIAMANTINO,1,13.0,0.13
APUA,SANTA VITÓRIA DO PALMAR,3,13.0,0.13
APUA,SÃO DESIDÉRIO,1,13.0,0.13
SBMT,ATIBAIA,1,13.0,0.13
APUA,SÃO BORJA,1,13.0,0.13
SBMT,CAJAMAR,1,13.0,0.13
APUA,URUGUAIANA,1,13.0,0.13
SBMT,SOROCABA,1,13.0,0.13
APUA,TAPURAH,1,13.0,0.13
APUA,SÃO SIMÃO,1,13.0,0.13
SBBP,BRAGANÇA PAULISTA,52,12.0,0.12
SBBP,SÃO PAULO,1,12.0,0.12
SWFN,MANAUS,32,11.0,0.11
SBJF,JUIZ DE FORA,21,11.0,0.11
****,ALTO ARAGUAIA,1,10.0,0.1
****,DOURADOS,1,10.0,0.1
****,IRANDUBA,1,10.0,0.1
****,IPUÃ,1,10.0,0.1
****,IBIÁ,1,10.0,0.1
****,FORMOSA DO RIO PRETO,1,10.0,0.1
****,FEIRA DE SANTANA,1,10.0,0.1
****,ELDORADO DO SUL,1,10.0,0.1
****,DOM PEDRITO,1,10.0,0.1
****,BOA ESPERANÇA DO SUL,1,10.0,0.1
****,CORUMBÁ,1,10.0,0.1
****,CORUMBATAÍ,1,10.0,0.1
****,CANÁPOLIS,1,10.0,0.1
****,CAJATI,1,10.0,0.1
****,MANAUS,1,10.0,0.1
****,BURITIS,1,10.0,0.1
****,BONFINÓPOLIS DE MINAS,1,10.0,0.1
****,ITURAMA,1,10.0,0.1
****,PORTO DOS GAÚCHOS,1,10.0,0.1
****,MATEIROS,1,10.0,0.1
****,MINEIROS,1,10.0,0.1
****,VILHENA,1,10.0,0.1
****,UBERABA,1,10.0,0.1
****,TEFÉ,1,10.0,0.1
****,TAUBATÉ,1,10.0,0.1
****,TANABI,1,10.0,0.1
****,TAILÂNDIA,1,10.0,0.1
****,SÃO JOSÉ DO RIO PRETO,1,10.0,0.1
****,SÃO JOSÉ DA LAPA,1,10.0,0.1
****,SORRISO,1,10.0,0.1
****,SELVÍRIA,1,10.0,0.1
****,SANTO ANTÔNIO DO LESTE,1,10.0,0.1
****,SALVADOR,1,10.0,0.1
****,PIÇARRA,1,10.0,0.1
****,OURILÂNDIA DO NORTE,1,10.0,0.1
****,NAVIRAÍ,1,10.0,0.1
****,ACREÚNA,1,10.0,0.1
****,CABO FRIO,1,10.0,0.1
****,RIO DE JANEIRO,2,10.0,0.1
SBGO,APARECIDA DE GOIÂNIA,5,9.0,0.09
SDTB,ATIBAIA,18,9.0,0.09
SBGO,GOIÂNIA,126,9.0,0.09
SDVH,BRAGANÇA PAULISTA,14,8.0,0.08
SDVH,ATIBAIA,3,8.0,0.08
SBSP,SÃO JOSÉ DOS CAMPOS,1,8.0,0.08
SBSP,SÃO PAULO,198,8.0,0.08
SBJR,RIO DE JANEIRO,104,8.0,0.08
SBLO,LONDRINA,162,7.0,0.07
SBCY,CUIABÁ,35,6.0,0.06
SBCY,ROSÁRIO OESTE,1,6.0,0.06
SBSV,LAURO DE FREITAS,1,6.0,0.06
SBCY,VÁRZEA GRANDE,45,6.0,0.06
SBJC,BELÉM,21,6.0,0.06
SBSV,SALVADOR,158,6.0,0.06
SBEG,MANAUS,133,5.0,0.05
SBBH,BELO HORIZONTE,168,5.0,0.05
SBBU,BAURU,20,5.0,0.05
SBRF,CAMPINAS,2,5.0,0.05
SSBN,PORTO ALEGRE,14,5.0,0.05
SBRF,CONFINS,1,5.0,0.05
SWLV,SANTO ANTÔNIO DO LEVERGER,12,5.0,0.05
SBRF,JABOATÃO DOS GUARARAPES,1,5.0,0.05
SWLV,SILVÂNIA,1,5.0,0.05
SBCG,CAMPO GRANDE,72,5.0,0.05
SBBH,CONFINS,1,5.0,0.05
SBRF,RECIFE,145,5.0,0.05
SIRI,MARAÚ,5,4.0,0.04
SSBL,BLUMENAU,11,4.0,0.04
SWFR,FORMOSA,10,4.0,0.04
SBCA,CASCAVEL,25,4.0,0.04
SSKT,SÃO JOSÉ,9,4.0,0.04
SNMD,ITAITUBA,4,4.0,0.04
SWUZ,LUZIÂNIA,13,4.0,0.04
SDUB,UBATUBA,9,4.0,0.04
SDAI,CAMPINAS,1,4.0,0.04
SDAM,LOUVEIRA,1,4.0,0.04
SDAM,CAMPINAS,31,4.0,0.04
SSCN,CANELA,8,4.0,0.04
SBFL,FLORIANÓPOLIS,81,4.0,0.04
SSKT,FLORIANÓPOLIS,1,4.0,0.04
SBMG,MARINGÁ,42,4.0,0.04
SBUL,UBERLÂNDIA,62,4.0,0.04
SDAI,AMERICANA,17,4.0,0.04
SBLJ,CORREIA PINTO,1,3.0,0.03
SSOG,ARAPONGAS,7,3.0,0.03
SDAG,ANGRA DOS REIS,9,3.0,0.03
SDAA,ARARAS,5,3.0,0.03
SBPV,VILHENA,1,3.0,0.03
SBBE,ANANINDEUA,1,3.0,0.03
SBBR,GUARULHOS,1,3.0,0.03
SDEN,PORTO BELO,10,3.0,0.03
SBBR,BRASÍLIA,200,3.0,0.03
SBPV,PORTO VELHO,23,3.0,0.03
SSER,ERECHIM,6,3.0,0.03
SBLJ,LAGES,5,3.0,0.03
SBBE,BELÉM,97,3.0,0.03
SWEN,ALTA FLORESTA,3,3.0,0.03
SDPW,PIRACICABA,22,3.0,0.03
SWSI,SINOP,5,3.0,0.03
SBSJ,SÃO JOSÉ DOS CAMPOS,49,3.0,0.03
SBUY,COARI,7,3.0,0.03
SNDC,REDENÇÃO,7,3.0,0.03
SBPF,PASSO FUNDO,13,3.0,0.03
SBFI,FOZ DO IGUAÇU,27,3.0,0.03
SBNM,SANTO ÂNGELO,8,3.0,0.03
SBRB,BUJARI,1,2.0,0.02
SBFZ,CAUCAIA,1,2.0,0.02
SBSR,VOTUPORANGA,1,2.0,0.02
SBGR,BRASÍLIA,1,2.0,0.02
SBGR,CAMPINAS,1,2.0,0.02
SNEJ,CAMANDUCAIA,1,2.0,0.02
SIMB,NÃO IDENTIFICADA,1,2.0,0.02
SDMC,ANGRA DOS REIS,1,2.0,0.02
SDCO,BOITUVA,1,2.0,0.02
SBPG,SANTANA DO LIVRAMENTO,1,2.0,0.02
SIVU,GUARAPARI,1,2.0,0.02
SDCO,RIO DE JANEIRO,1,2.0,0.02
SDIH,SÃO PAULO,1,2.0,0.02
SSNG,PARECI NOVO,1,2.0,0.02
SBGR,GUARULHOS,316,2.0,0.02
SDBN,SALTO DE PIRAPORA,3,2.0,0.02
SBSI,SINOP,6,2.0,0.02
SWLC,RIO VERDE,6,2.0,0.02
SDET,TIETÊ,5,2.0,0.02
SWLB,LÁBREA,5,2.0,0.02
SWTS,TANGARÁ DA SERRA,5,2.0,0.02
SBRB,RIO BRANCO,36,2.0,0.02
SBRP,RIBEIRÃO PRETO,86,2.0,0.02
SJCY,CUIABÁ,4,2.0,0.02
SWEK,CANARANA,4,2.0,0.02
SBFZ,FORTALEZA,92,2.0,0.02
SDVG,VOTUPORANGA,3,2.0,0.02
SILT,SANTA FÉ DO SUL,3,2.0,0.02
SJDU,URUGUAIANA,3,2.0,0.02
SNCL,CAIRU,3,2.0,0.02
SNPC,PICOS,3,2.0,0.02
SNZA,POUSO ALEGRE,3,2.0,0.02
SSNG,MONTENEGRO,6,2.0,0.02
SBAQ,ARARAQUARA,6,2.0,0.02
SWIT,SANTA TEREZINHA DE ITAIPU,3,2.0,0.02
SSKZ,CARAZINHO,7,2.0,0.02
SNPA,PARÁ DE MINAS,18,2.0,0.02
SBAU,ARAÇATUBA,13,2.0,0.02
SBGR,SÃO PAULO,23,2.0,0.02
SDIH,BIRITIBA-MIRIM,11,2.0,0.02
SIVU,VILA VELHA,11,2.0,0.02
SSNH,NOVO HAMBURGO,11,2.0,0.02
SWCA,CARAUARI,11,2.0,0.02
SBPG,PONTA GROSSA,10,2.0,0.02
SBSN,SANTARÉM,29,2.0,0.02
SBMA,MARABÁ,29,2.0,0.02
SDMC,MARICÁ,9,2.0,0.02
SDCO,SOROCABA,33,2.0,0.02
SBSR,SÃO JOSÉ DO RIO PRETO,33,2.0,0.02
SBSL,SÃO LUÍS,36,2.0,0.02
SJNP,NOVO PROGRESSO,7,2.0,0.02
SSGP,BRASÍLIA,3,2.0,0.02
SBTF,TEFÉ,14,2.0,0.02
SIPB,RAPOSA,2,2.0,0.02
SNQV,CURVELO,2,2.0,0.02
SNEJ,ITAITUBA,2,2.0,0.02
SIMB,MANOEL URBANO,2,2.0,0.02
SNGS,MACEIÓ,2,2.0,0.02
SIXD,SANTANA DO LIVRAMENTO,2,2.0,0.02
SWBB,BARRA DO BUGRES,2,2.0,0.02
SSQZ,LUÍS EDUARDO MAGALHÃES,2,2.0,0.02
SDXF,ALTO PARAÍSO DE GOIÁS,2,2.0,0.02
SSUV,UNIÃO DA VITÓRIA,1,1.0,0.01
SDMM,PACARAIMA,1,1.0,0.01
SSXO,MARINGÁ,1,1.0,0.01
SSVN,VERANÓPOLIS,1,1.0,0.01
SDNI,COTIA,1,1.0,0.01
SDNO,SÃO MANUEL,1,1.0,0.01
SDPN,PENÁPOLIS,1,1.0,0.01
SDP8,MARECHAL THAUMATURGO,1,1.0,0.01
SDKH,CANUTAMA,1,1.0,0.01
SDQG,CAIABU,1,1.0,0.01
SSRA,SANTA ROSA DO PURUS,1,1.0,0.01
SDRQ,SÃO DESIDÉRIO,1,1.0,0.01
SSPX,MANOEL URBANO,1,1.0,0.01
SDTO,UBARANA,1,1.0,0.01
SDVL,VALENÇA,1,1.0,0.01
SDVO,ARAGUAÍNA,1,1.0,0.01
SDLZ,CAMPO VERDE,1,1.0,0.01
SNYR,ITAITUBA,1,1.0,0.01
SSXO,PRESIDENTE CASTELO BRANCO,1,1.0,0.01
SWKT,CATALÃO,1,1.0,0.01
SBBV,BOA VISTA,15,1.0,0.01
SWPD,UIRAMUTÃ,1,1.0,0.01
SWMV,MUCAJAÍ,1,1.0,0.01
SBIL,ILHÉUS,18,1.0,0.01
SBPS,PORTO SEGURO,21,1.0,0.01
SWMV,IRACEMA,1,1.0,0.01
SBPA,PORTO ALEGRE,174,1.0,0.01
SBTG,TRÊS LAGOAS,1,1.0,0.01
SD4V,SOCORRO,1,1.0,0.01
SDWU,PORTO MURTINHO,1,1.0,0.01
SWGC,PONTA PORÃ,1,1.0,0.01
SD8H,CURURUPU,1,1.0,0.01
SWEF,COCALINHO,1,1.0,0.01
SWDC,ALTO GARÇAS,1,1.0,0.01
SWBE,GUARACIABA DO NORTE,1,1.0,0.01
SBPJ,PALMAS,31,1.0,0.01
SWAQ,AMAJARI,1,1.0,0.01
SDGX,CAIRU,1,1.0,0.01
SDW6,SÃO DESIDÉRIO,1,1.0,0.01
SDWV,SENADOR JOSÉ PORFÍRIO,1,1.0,0.01
SSOK,IBIPORÃ,1,1.0,0.01
SBRJ,RIO DE JANEIRO,143,1.0,0.01
SNFS,FORMOSA DO RIO PRETO,1,1.0,0.01
SNGV,QUERÊNCIA,1,1.0,0.01
SNGW,BARRA DO CHOÇA,1,1.0,0.01
SNGX,GUAXUPÉ,1,1.0,0.01
SNHE,UBERABA,1,1.0,0.01
SSFE,FOZ DO IGUAÇU,1,1.0,0.01
SNJO,CABEDELO,1,1.0,0.01
SSET,IMBITUBA,1,1.0,0.01
SNJR,SÃO JOÃO DEL REI,1,1.0,0.01
SSDK,IGARATINGA,1,1.0,0.01
SNKK,CAICÓ,1,1.0,0.01
SNLM,APUÍ,1,1.0,0.01
SNML,RIO LARGO,1,1.0,0.01
SNPO,POMPÉU,1,1.0,0.01
SSCD,CHAPADÃO DO SUL,1,1.0,0.01
SNPX,PIRAPORA,1,1.0,0.01
SNPY,SÃO SEBASTIÃO DO PARAÍSO,1,1.0,0.01
SNWC,FORTALEZA,1,1.0,0.01
SNWS,CRATEÚS,1,1.0,0.01
SSGX,AQUIDAUANA,1,1.0,0.01
SNFJ,JACAREACANGA,1,1.0,0.01
SSIJ,CARAZINHO,1,1.0,0.01
SJEH,RIBEIRÃO BONITO,1,1.0,0.01
SNXR,ITAITUBA,1,1.0,0.01
SDYF,LUCAS DO RIO VERDE,1,1.0,0.01
SICM,BRASILÂNDIA,1,1.0,0.01
SBCF,CONFINS,108,1.0,0.01
SSKG,CORGUINHO,1,1.0,0.01
SIXE,PORTO ALEGRE,1,1.0,0.01
SIZM,DOIS VIZINHOS,1,1.0,0.01
SJAH,GRAJAÚ,1,1.0,0.01
SSIJ,IJUÍ,1,1.0,0.01
SBDN,PRESIDENTE PRUDENTE,15,1.0,0.01
SJFM,ELDORADO,1,1.0,0.01
SJLJ,CAROEBE,1,1.0,0.01
SJNC,ALTO ALEGRE,1,1.0,0.01
SJNQ,CARAVELAS,1,1.0,0.01
SJOD,JORDÃO,1,1.0,0.01
SJVL,GUARAMIRIM,1,1.0,0.01
SNAX,ASSIS,1,1.0,0.01
SNDP,SÃO FÉLIX DO ARAGUAIA,1,1.0,0.01
SBGL,RIO DE JANEIRO,202,1.0,0.01
SSIE,CAMPO GRANDE,9,1.0,0.01
SBVC,VITÓRIA DA CONQUISTA,14,1.0,0.01
SWNH,ARUANÃ,3,1.0,0.01
SDVE,VERA CRUZ,2,1.0,0.01
SDSC,SÃO CARLOS,2,1.0,0.01
SDRV,CHAPADÃO DO SUL,2,1.0,0.01
SDOR,ORLÂNDIA,2,1.0,0.01
SDNH,NOVO HORIZONTE,2,1.0,0.01
SDNE,MARABÁ PAULISTA,2,1.0,0.01
SDFD,FERNANDÓPOLIS,2,1.0,0.01
SBPN,PORTO NACIONAL,2,1.0,0.01
SBPA,CANOAS,2,1.0,0.01
SWHP,ÁGUA BOA,3,1.0,0.01
SDIG,IBITINGA,3,1.0,0.01
SWFX,SÃO FÉLIX DO ARAGUAIA,3,1.0,0.01
SSZR,SANTA ROSA,3,1.0,0.01
SSPI,PARANAVAÍ,3,1.0,0.01
SSGA,GARIBALDI,3,1.0,0.01
SNXW,CHAVES,3,1.0,0.01
SNFX,SÃO FÉLIX DO XINGU,3,1.0,0.01
SNDT,DIAMANTINA,3,1.0,0.01
SNCJ,SANTARÉM,3,1.0,0.01
SNBA,BARRETOS,3,1.0,0.01
SIAN,RIO DE JANEIRO,2,1.0,0.01
SIPO,CONDEÚBA,2,1.0,0.01
SJBY,SANTA INÊS,2,1.0,0.01
SJLO,UIRAMUTÃ,2,1.0,0.01
SWON,ARAQUARI,2,1.0,0.01
SWMW,MAUÉS,2,1.0,0.01
SWJA,BRUSQUE,2,1.0,0.01
SWCZ,CERES,2,1.0,0.01
SSQQ,CAMPO GRANDE,2,1.0,0.01
SSPL,PALMEIRA DAS MISSÕES,2,1.0,0.01
SSJI,JARDIM,2,1.0,0.01
SSGB,GUARATUBA,2,1.0,0.01
SSAY,CAMPO GRANDE,2,1.0,0.01
SNWC,CAMOCIM,2,1.0,0.01
SNTO,TEÓFILO OTONI,2,1.0,0.01
SNOF,OURO FINO,2,1.0,0.01
SNMU,MUCURI,2,1.0,0.01
SNMH,PIRENÓPOLIS,2,1.0,0.01
SNIT,IBOTIRAMA,2,1.0,0.01
SNIG,IGUATU,2,1.0,0.01
SNBO,BOQUIRA,2,1.0,0.01
SJWQ,BIRIGUI,2,1.0,0.01
SJPT,UBERLÂNDIA,2,1.0,0.01
SJQN,QUIRINÓPOLIS,3,1.0,0.01
SDCD,CATANDUVA,3,1.0,0.01
SBOQ,CHAPADÃO DO CÉU,1,1.0,0.01
SBGW,GUARATINGUETÁ,8,1.0,0.01
SBJA,JAGUARUNA,6,1.0,0.01
SBCJ,PARAUAPEBAS,6,1.0,0.01
SWRD,RONDONÓPOLIS,7,1.0,0.01
SWPD,CANTÁ,7,1.0,0.01
SDTF,TATUÍ,7,1.0,0.01
SWPI,PARINTINS,8,1.0,0.01
SDRK,RIO CLARO,8,1.0,0.01
SBPK,PELOTAS,8,1.0,0.01
SBHT,ALTAMIRA,8,1.0,0.01
SSOK,LONDRINA,9,1.0,0.01
SBTV,PORTO SEGURO,3,1.0,0.01
SWXQ,LINS,2,1.0,0.01
SWNS,ANÁPOLIS,10,1.0,0.01
SDIO,ITÁPOLIS,10,1.0,0.01
SBCF,CAMPINAS,1,1.0,0.01
SBDN,AVARÉ,1,1.0,0.01
SSKG,CAMPO GRANDE,11,1.0,0.01
SBIZ,IMPERATRIZ,11,1.0,0.01
SBCF,BELO HORIZONTE,11,1.0,0.01
SIXE,ELDORADO DO SUL,12,1.0,0.01
SBRD,RONDONÓPOLIS,6,1.0,0.01
SDRS,RESENDE,6,1.0,0.01
SWNO,NOVA OLINDA DO NORTE,6,1.0,0.01
SBVH,VILHENA,5,1.0,0.01
SBAE,BAURU,3,1.0,0.01
SWJW,JATAÍ,4,1.0,0.01
SWEJ,PORTO NACIONAL,4,1.0,0.01
SSRS,BARREIRINHAS,4,1.0,0.01
SSKM,CAMPO MOURÃO,4,1.0,0.01
SNGA,GUARAPARI,4,1.0,0.01
SNEM,RECIFE,4,1.0,0.01
SISY,PIRAQUARA,4,1.0,0.01
SDOW,OURILÂNDIA DO NORTE,4,1.0,0.01
SDOI,BOITUVA,4,1.0,0.01
5JTI,ARROIO GRANDE,1,1.0,0.01
SDJA,ITIRAPINA,4,1.0,0.01
SDIM,ITANHAÉM,4,1.0,0.01
SBVG,VARGINHA,4,1.0,0.01
SBTR,TORRES,4,1.0,0.01
SBGP,GAVIÃO PEIXOTO,4,1.0,0.01
SWKO,COARI,5,1.0,0.01
SSAK,CRUZ ALTA,5,1.0,0.01
SNJO,JOÃO PESSOA,5,1.0,0.01
SWPI,SANTARÉM,1,1.0,0.01
SBKP,CAMPINAS,247,,
SBCT,SÃO JOSÉ DOS PINHAIS,64,,
SBVT,VITÓRIA,58,,
SBNF,NAVEGANTES,53,,
SBME,MACAÉ,44,,
SBCT,CURITIBA,43,,
SBJV,JOINVILLE,32,,
SBTE,TERESINA,31,,
SBMO,MACEIÓ,19,,
SBJU,JUAZEIRO DO NORTE,18,,
SBMK,MONTES CLAROS,16,,
SBCB,CABO FRIO,15,,
SBCP,CAMPOS DOS GOYTACAZES,15,,
SBUR,UBERABA,15,,
SBJP,JOÃO PESSOA,14,,
SBAR,ARACAJU,13,,
SBMQ,MACAPÁ,13,,
SBPL,PETROLINA,13,,
SBCX,CAXIAS DO SUL,12,,
SBML,MARÍLIA,11,,
SBCZ,CRUZEIRO DO SUL,10,,
SNDV,DIVINÓPOLIS,9,,
SBSM,SANTA MARIA,8,,
SBJP,BAYEUX,7,,
SBNT,PARNAMIRIM,7,,
SBTT,TABATINGA,7,,
SDBB,BEBEDOURO,7,,
SBFS,CAMPOS DOS GOYTACAZES,6,,
SBPC,POÇOS DE CALDAS,6,,
SIFC,IGARASSU,6,,
SIQE,BRASÍLIA,6,,
SBCH,CHAPECÓ,5,,
SBIH,ITAITUBA,5,,
SBPP,PONTA PORÃ,5,,
SBSG,SÃO GONÇALO DO AMARANTE,5,,
SDTK,PARATY,5,,
SNRU,CARUARU,5,,
SSOS,OSÓRIO,5,,
SWGN,ARAGUAÍNA,5,,
SWPY,PRIMAVERA DO LESTE,5,,
SBAT,ALTA FLORESTA,4,,
SBGV,GOVERNADOR VALADARES,4,,
SBLE,LENÇÓIS,4,,
SBZM,GOIANÁ,4,,
SDLL,LEME,4,,
SIBH,SÃO PAULO,4,,
SJLY,NOVA LIMA,4,,
SNAU,ARACAJU,4,,
SNHH,ITAJUBÁ,4,,
SSBG,BENTO GONÇALVES,4,,
SSKS,CACHOEIRA DO SUL,4,,
SBCR,CORUMBÁ,3,,
SBEK,JACAREACANGA,3,,
SBIP,IPATINGA,3,,
SBJI,JI-PARANÁ,3,,
SBKG,CAMPINA GRANDE,3,,
SBMO,RIO LARGO,3,,
SBMY,MANICORÉ,3,,
SBST,SANTOS,3,,
SBTA,TAUBATÉ,3,,
SDBK,BOTUCATU,3,,
SDDN,ANDRADINA,3,,
SDEM,ÁLVARES MACHADO,3,,
SDMJ,MOGI MIRIM,3,,
SDPY,PIRASSUNUNGA,3,,
SDVI,TANGARÁ DA SERRA,3,,
SJVO,ARAGARÇAS,3,,
SJYG,ALTO ALEGRE,3,,
SNDH,BARREIRAS,3,,
SNVR,VERA CRUZ,3,,
SNVS,BREVES,3,,
SSFB,FRANCISCO BELTRÃO,3,,
SSJN,BRAGANÇA PAULISTA,3,,
SSKK,CAPÃO DA CANOA,3,,
SSKW,CACOAL,3,,
SSSC,SANTA CRUZ DO SUL,3,,
SWGI,GURUPI,3,,
SWJN,JUÍNA,3,,
9PAA,RIO DE JANEIRO,2,,
SBBW,BARRA DO GARÇAS,2,,
SBCM,CRICIÚMA,2,,
SBFN,FERNANDO DE NORONHA,2,,
SBIP,SANTANA DO PARAÍSO,2,,
SBIT,ITUMBIARA,2,,
SBJH,SÃO ROQUE,2,,
SBMD,ALMEIRIM,2,,
SBMI,MARICÁ,2,,
SBMS,MOSSORÓ,2,,
SBPO,PATO BRANCO,2,,
SBSG,NATAL,2,,
SBST,GUARUJÁ,2,,
SBTD,TOLEDO,2,,
SDGY,ARAÇATUBA,2,,
SDIP,CAÇAPAVA,2,,
SDJL,JALES,2,,
SDJO,SÃO JOAQUIM DA BARRA,2,,
SDMH,MIRASSOL,2,,
SDNB,PALMAS,2,,
SDZD,SOROCABA,2,,
SIBK,BAGÉ,2,,
SIHC,VITÓRIA,2,,
SILQ,CASCAVEL,2,,
SIMK,FRANCA,2,,
SJBH,CANARANA,2,,
SJDA,UBERABA,2,,
SJLU,CARACARAÍ,2,,
SJOG,ARIQUEMES,2,,
SJRG,RIO GRANDE,2,,
SNBR,BARREIRAS,2,,
SNGU,GURUPÁ,2,,
SNJL,LUÍS EDUARDO MAGALHÃES,2,,
SNJX,JUIZ DE FORA,2,,
SNKE,SANTANA DO ARAGUAIA,2,,
SNKF,CONSELHEIRO LAFAIETE,2,,
SNME,MATA DE SÃO JOÃO,2,,
SNOG,CEARÁ-MIRIM,2,,
SNPD,PATOS DE MINAS,2,,
SNSH,SANTARÉM,2,,
SNTY,CORRENTINA,2,,
SNUH,PIUMHI,2,,
SNUN,UNAÍ,2,,
SNVB,VALENÇA,2,,
SSAQ,PASSO FUNDO,2,,
SSCK,CONCÓRDIA,2,,
SSCL,CASSILÂNDIA,2,,
SSDO,DOURADOS,2,,
SSDP,VILA BELA DA SANTÍSSIMA TRINDADE,2,,
SSFC,DOM PEDRITO,2,,
SSHS,FOZ DO IGUAÇU,2,,
SSLT,ALEGRETE,2,,
SSRZ,ROSÁRIO DO SUL,2,,
SSTH,BALSA NOVA,2,,
SSVI,VIDEIRA,2,,
SWBC,BARCELOS,2,,
SWKC,CÁCERES,2,,
SWOB,FONTE BOA,2,,
SWRO,PORTO VELHO,2,,
SWUI,PAUINI,2,,
SWUQ,ALTO ALEGRE,2,,
SWXV,NOVA XAVANTINA,2,,
9PAA,MACAÉ,1,,
9PBS,CAMPOS DOS GOYTACAZES,1,,
9PEB,CAMPOS DOS GOYTACAZES,1,,
9PFC,MACAÉ,1,,
9PHD,MACAÉ,1,,
9PKD,RIO DE JANEIRO,1,,
9PSD,MACAÉ,1,,
SBAN,ANÁPOLIS,1,,
SBAX,ARAXÁ,1,,
SBBG,BAGÉ,1,,
SBBQ,BARBACENA,1,,
SBBZ,CABO FRIO,1,,
SBCB,RIO DE JANEIRO,1,,
SBCM,FORQUILHINHA,1,,
SBCT,CURITIBANOS,1,,
SBFE,FEIRA DE SANTANA,1,,
SBIH,ALTAMIRA,1,,
SBJP,CAMPINA GRANDE,1,,
SBKP,CAMPINAS DO PIAUÍ,1,,
SBNT,NATAL,1,,
SBOI,OIAPOQUE,1,,
SBPB,PARNAÍBA,1,,
SBPP,RIBEIRÃO PRETO,1,,
SBQE,RIBEIRO GONÇALVES,1,,
SBSC,RIO DE JANEIRO,1,,
SBSO,SORRISO,1,,
SBTK,TARAUACÁ,1,,
SBUA,SÃO GABRIEL DA CACHOEIRA,1,,
SBUF,PAULO AFONSO,1,,
SD6Y,BOCA DO ACRE,1,,
SD8A,LAGUNA CARAPÃ,1,,
SDAE,SÃO PEDRO,1,,
SDBA,BATATAIS,1,,
SDBV,ILHA COMPRIDA,1,,
SDDQ,RIACHÃO DAS NEVES,1,,
SDDR,DRACENA,1,,
SDED,IPEÚNA,1,,
SDED,RIO CLARO,1,,
SDEE,ITAÍ,1,,
SDEH,ARARAS,1,,
SDGB,GUAÍRA,1,,
SDGC,GARÇA,1,,
SDGR,GUARARAPES,1,,
SDHP,RIBAS DO RIO PARDO,1,,
SDHU,RIO DE JANEIRO,1,,
SDIL,ANGRA DOS REIS,1,,
SDJB,BRAGANÇA PAULISTA,1,,
SDJC,JABOTICABAL,1,,
SDKE,CORIBE,1,,
SDLO,CAIRU,1,,
SDLP,LENÇÓIS PAULISTA,1,,
SDLY,MATÃO,1,,
SDME,MATÃO,1,,
SDMV,JAÚ,1,,
SDNQ,RIO BRANCO,1,,
SDNY,CAMPO NOVO DO PARECIS,1,,
SDPA,MANGARATIBA,1,,
SDPG,RIO DE JANEIRO,1,,
SDQ4,CORUMBÁ,1,,
SDRC,RANCHARIA,1,,
SDRE,RIO DE JANEIRO,1,,
SDRJ,RIO DE JANEIRO,1,,
SDRP,AMAJARI,1,,
SDTI,TUPI PAULISTA,1,,
SDUL,RIBEIRÃO PRETO,1,,
SDVK,NOVA ANDRADINA,1,,
SDWC,RONDONÓPOLIS,1,,
SDYJ,REGENTE FEIJÓ,1,,
SDYW,ITAPEVA,1,,
SDZS,URUÇUÍ,1,,
SDZX,NOVO SÃO JOAQUIM,1,,
SIAE,GUARATINGUETÁ,1,,
SIAQ,CUIABÁ,1,,
SIAV,CARAPICUÍBA,1,,
SIBH,TABOÃO DA SERRA,1,,
SIBO,MANAUS,1,,
SIBO,TRÊS MARIAS,1,,
SIBX,BURITAMA,1,,
SICJ,SAPEZAL,1,,
SIEK,CACHOEIRA DO ARARI,1,,
SIFH,SANTA RITA DO ARAGUAIA,1,,
SIFQ,FLORES DA CUNHA,1,,
SIFV,ARACRUZ,1,,
SIFW,CORUMBÁ,1,,
SIJG,GUARARAPES,1,,
SIJY,ITAJAÍ,1,,
SIKC,COLÍDER,1,,
SILC,LUCAS DO RIO VERDE,1,,
SIMQ,CORUMBÁ,1,,
SING,NOVA GRANADA,1,,
SIOE,DOIS VIZINHOS,1,,
SION,GUARAMIRANGA,1,,
SIOZ,ALTAMIRA,1,,
SIPU,PERDIZES,1,,
SIPY,PORTEL,1,,
SIQH,CAARAPÓ,1,,
SIQK,NOVA ODESSA,1,,
SIQV,SAPEZAL,1,,
SIRS,CAMPO FLORIDO,1,,
SISN,BRASILÂNDIA DE MINAS,1,,
SIUD,SÃO PAULO,1,,
SIVB,BELO HORIZONTE,1,,
SIVN,MONTES CLAROS,1,,
SIVQ,QUADRA,1,,
SIXZ,COLNIZA,1,,
SJBM,PORTO FELIZ,1,,
SJBX,SÃO JOSÉ DE MIPIBU,1,,
SJCG,ANGRA DOS REIS,1,,
SJCM,AQUIRAZ,1,,
SJFU,BANANEIRAS,1,,
SJGJ,PORTO MURTINHO,1,,
SJGL,LUZIÂNIA,1,,
SJHG,CONFRESA,1,,
SJHR,PAÇO DO LUMIAR,1,,
SJIF,SAPEZAL,1,,
SJIJ,BARÃO DE MELGAÇO,1,,
SJJJ,ALTAMIRA,1,,
SJKI,MACAPÁ,1,,
SJPR,BALSA NOVA,1,,
SJQI,POCONÉ,1,,
SJSH,GOVERNADOR CELSO RAMOS,1,,
SJTO,CAMPO NOVO DO PARECIS,1,,
SJVX,ULIANÓPOLIS,1,,
SJXM,LIMA DUARTE,1,,
SJYR,UIRAMUTÃ,1,,
SNAG,ARAGUARI,1,,
SNAL,ARAPIRACA,1,,
SNAR,ALMENARA,1,,
SNAS,TRÊS MARIAS,1,,
SNAZ,AMARGOSA,1,,
SNBG,BAIXO GUANDU,1,,
SNBR,GUARULHOS,1,,
SNBS,BALSAS,1,,
SNCT,CARATINGA,1,,
SNCT,PIEDADE DE CARATINGA,1,,
SNCT,UBAPORANGA,1,,
SNCV,CAMPINA VERDE,1,,
SNCW,ALCÂNTARA,1,,
SNCX,COLATINA,1,,
SNDR,TIMON,1,,
SNDU,CAPITÓLIO,1,,
SNEB,PARAGOMINAS,1,,
SNFE,FORTALEZA,1,,
SNGG,BOM JESUS,1,,
SNGG,SÃO RAIMUNDO NONATO,1,,
SNGI,GUANAMBI,1,,
SNGQ,BOM DESPACHO,1,,
SNHB,PARACATU,1,,
SNHD,UBERLÂNDIA,1,,
SNHN,CONTAGEM,1,,
SNHS,SERRA TALHADA,1,,
SNIC,IRECÊ,1,,
SNIF,VISCONDE DO RIO BRANCO,1,,
SNIZ,VILHENA,1,,
SNJD,ARACAJU,1,,
SNJD,FEIRA DE SANTANA,1,,
SNJI,JEQUITAÍ,1,,
SNJK,JEQUIÉ,1,,
SNJN,JANUÁRIA,1,,
SNKB,CAMPINA GRANDE,1,,
SNKH,JACAREACANGA,1,,
SNKI,CACHOEIRO DE ITAPEMIRIM,1,,
SNLF,VILA RICA,1,,
SNLO,SÃO LOURENÇO,1,,
SNMA,MONTE ALEGRE,1,,
SNMM,MORADA NOVA DE MINAS,1,,
SNMX,SÃO MATEUS,1,,
SNNL,NOVA MARINGÁ,1,,
SNOD,ESTÂNCIA,1,,
SNPJ,PATROCÍNIO,1,,
SNQX,QUIXADÁ,1,,
SNRJ,BREJO,1,,
SNRP,RIO PARANAÍBA,1,,
SNRX,RIACHÃO,1,,
SNSG,SALGUEIRO,1,,
SNSW,SOURE,1,,
SNTF,TEIXEIRA DE FREITAS,1,,
SNTZ,PORTO SEGURO,1,,
SNUZ,FELIZ DESERTO,1,,
SNVC,VIÇOSA,1,,
SNVI,TRÊS CORAÇÕES,1,,
SNXI,PEREIRA BARRETO,1,,
SNXT,COROMANDEL,1,,
SNYE,PINHEIRO,1,,
SNYP,BENEVIDES,1,,
SNYP,MARITUBA,1,,
SNYS,JOÃO PINHEIRO,1,,
SSAC,SORRISO,1,,
SSAN,IPAUSSU,1,,
SSAP,APUCARANA,1,,
SSAU,TAPES,1,,
SSBR,BANDEIRANTES,1,,
SSCE,SÃO JOSÉ DE MIPIBU,1,,
SSCF,CAMPO LARGO,1,,
SSCP,CORNÉLIO PROCÓPIO,1,,
SSCR,MARECHAL CÂNDIDO RONDON,1,,
SSCT,CIANORTE,1,,
SSCW,NOVA MARINGÁ,1,,
SSGG,GUARAPUAVA,1,,
SSHA,AQUIDAUANA,1,,
SSIM,FORQUILHINHA,1,,
SSIQ,ITAQUI,1,,
SSJA,JOAÇABA,1,,
SSJL,BONFIM,1,,
SSMH,MARECHAL THAUMATURGO,1,,
SSMK,ELDORADO DO SUL,1,,
SSMW,PERUÍBE,1,,
SSNB,NAVIRAÍ,1,,
SSNV,CORUMBÁ,1,,
SSOL,CAMPO BELO,1,,
SSOL,LAVRAS,1,,
SSOT,SÃO ROMÃO,1,,
SSPB,PATO BRANCO,1,,
SSPG,PARANAGUÁ,1,,
SSPO,ITAPORÃ,1,,
SSPQ,SANTA ROSA DO PURUS,1,,
SSPS,PALMAS,1,,
SSPV,MARECHAL THAUMATURGO,1,,
SSQI,SORRISO,1,,
SSQT,CASTRO,1,,
SSQW,CAMPINAS,1,,
SSRB,RIO BRILHANTE,1,,
SSSB,SÃO BORJA,1,,
SSSE,ARAUCÁRIA,1,,
SSSG,SÃO GABRIEL,1,,
SSSS,SÃO FRANCISCO DO SUL,1,,
SSSZ,SERTANÓPOLIS,1,,
SSTL,TRÊS LAGOAS,1,,
SSUB,SÃO PAULO,1,,
SSUL,SÃO JOSÉ DOS PINHAIS,1,,
SSUM,UMUARAMA,1,,
SSVA,LADÁRIO,1,,
SSVL,TELÊMACO BORBA,1,,
SSVS,JUNDIAÍ,1,,
SSWF,RIBAS DO RIO PARDO,1,,
SSZL,BRASILÂNDIA,1,,
SWAT,PRADO,1,,
SWEI,EIRUNEPÉ,1,,
SWEQ,BELÉM,1,,
SWEW,PORTO ESPERIDIÃO,1,,
SWFV,GUAPÉ,1,,
SWGL,GETÚLIO VARGAS,1,,
SWGM,CUIABÁ,1,,
SWGP,PALMEIRAS DE GOIÁS,1,,
SWGW,JUSSARA,1,,
SWIN,TANGARÁ DA SERRA,1,,
SWJP,JAPURÁ,1,,
SWKF,TRÊS LAGOAS,1,,
SWKN,CALDAS NOVAS,1,,
SWLW,SÃO LUÍS,1,,
SWME,MINEIROS,1,,
SWME,PORECATU,1,,
SWMO,JUSCIMEIRA,1,,
SWMZ,RONDONÓPOLIS,1,,
SWNB,NOBRES,1,,
SWNG,MARIANA,1,,
SWNK,BOCA DO ACRE,1,,
SWOK,ITIQUIRA,1,,
SWOZ,CAMPO VERDE,1,,
SWPA,NOVA UBIRATÃ,1,,
SWPC,SÃO GABRIEL DA CACHOEIRA,1,,
SWPM,PIMENTA BUENO,1,,
SWPQ,PORTO ALEGRE DO NORTE,1,,
SWQC,RIO VERDE,1,,
SWQE,SÃO GABRIEL DA CACHOEIRA,1,,
SWQI,CARACARAÍ,1,,
SWRW,MIRASSOL D'OESTE,1,,
SWRZ,NORTELÂNDIA,1,,
SWSL,LUCAS DO RIO VERDE,1,,
SWTO,PARAÍSO DO TOCANTINS,1,,
SWUV,SEBASTIÃO LEAL,1,,
SWVC,VILA RICA,1,,
SWVI,FORMOSA DO RIO PRETO,1,,
SWVR,SINOP,1,,
SWVW,FORMIGA,1,,
SWVZ,NOBRES,1,,
SWWA,PORANGATU,1,,
SWWF,CÁCERES,1,,
SWWU,URUAÇU,1,,
SWXJ,CUIABÁ,1,,
SWYH,ARAPUTANGA,1,,
SWYV,IBIRÁ,1,,
SWYW,ALTO GARÇAS,1,,
